t,ax,ay,az,gx,gy,gz
0.0000,2.1604,-0.8208,9.2925,,-0.0189,0.1132
0.1198,2.1604,-0.8208,9.2925,,-0.0189,0.1132
0.2397,2.1226,-0.7406,9.2028,,-0.0189,0.1132
0.3595,2.0283,-0.6604,9.1132,,-0.0189,0.1132
0.4793,1.5189,-0.5849,9.3396,,0.0000,0.1321
0.5992,0.4245,-0.8632,9.3962,,0.0189,0.1509
0.7190,0.1321,-1.1415,9.4434,-0.0943,0.0189,0.1698
0.8389,-0.4151,-1.4198,9.1226,,0.0000,0.2075
0.9587,-0.2830,-1.6981,9.9434,,-0.0283,0.2264
1.0785,-0.0896,-1.5660,9.9057,,-0.0566,0.2642
1.1984,-0.0283,-1.5000,9.3962,,-0.0283,0.3208
1.3182,-0.4057,-1.5849,9.3632,,0.0000,0.3585
1.4380,-0.0377,-1.6509,9.3868,,-0.0189,0.3962
1.5579,-0.3915,-2.0802,9.4481,-0.0283,-0.0377,0.4151
1.6777,-0.2358,-2.2264,9.5425,-0.0047,-0.0566,0.3962
1.7976,-0.1038,-2.0189,9.6321,0.0189,-0.0566,0.4151
1.9174,0.0189,-1.8302,9.6415,-0.0283,-0.0377,0.4340
2.0372,0.0849,-2.1132,9.5063,-0.0566,-0.0189,0.4340
2.1571,0.1667,-1.7925,8.9937,-0.0236,-0.0189,0.4340
2.2769,-0.1792,-2.5535,9.3868,0.0094,-0.0189,0.4245
2.3967,0.1132,-2.3113,9.7767,-0.0071,-0.0283,0.4151
2.5166,0.2201,-1.7925,9.7075,-0.0236,-0.0377,0.3962
2.6364,0.2390,-1.8082,9.4906,-0.0401,-0.0283,0.3774
2.7563,0.2264,-2.0755,9.4151,-0.0566,-0.0189,0.3585
2.8761,0.0849,-2.0597,9.3805,-0.0283,-0.0236,0.3208
2.9959,0.1447,-1.8302,9.4434,-0.0283,-0.0283,0.3019
3.1158,0.0024,-1.7170,9.6038,-0.0425,-0.0330,0.3019
3.2356,-0.3113,-1.9937,9.3726,-0.0566,-0.0377,0.3082
3.3554,-0.5943,-2.2028,9.3090,-0.0943,-0.0377,0.3208
3.4753,-0.6415,-2.4151,9.5283,-0.0943,-0.0377,0.3396
3.5951,-0.4245,-2.5873,9.4175,-0.0708,-0.0377,0.3208
3.7150,-0.2642,-2.3050,9.2759,,-0.0189,0.3208
3.8348,-0.1981,-2.1981,9.4245,,0.0000,0.3019
3.9546,-0.0967,-2.1792,9.5377,,0.0000,0.2704
4.0745,-0.3491,-2.1384,9.5660,,-0.0189,0.2453
4.1943,-0.1830,-1.9575,9.5566,-0.0755,-0.0189,0.2453
4.3141,-0.3151,-1.7075,9.4623,-0.0566,-0.0377,0.2217
4.4340,-0.3509,-1.6745,9.4547,-0.0566,-0.0377,0.1934
4.5538,-0.2736,-1.5415,9.6358,-0.0566,-0.0283,0.1604
4.6736,-0.4358,-1.0925,9.5415,-0.0566,-0.0189,0.1094
4.7935,-0.2981,-0.7972,9.3830,-0.0566,-0.0377,0.0679
4.9133,-0.0962,-0.7358,9.4858,-0.0708,-0.0377,0.0566
5.0332,-0.0962,-0.8585,9.4953,,-0.0264,0.0566
5.1530,-0.0641,-0.9367,9.4942,,-0.0185,0.0582
5.2728,-0.0232,-0.9631,9.5302,,-0.0324,0.0585
5.3927,0.0702,-1.0660,9.5052,,-0.0244,0.0579
5.5125,0.0112,-1.0943,9.4873,-0.0826,-0.0189,0.0572
5.6323,0.2099,-1.1368,9.5078,-0.0660,-0.0184,0.0566
5.7522,0.2944,-1.2439,9.6822,-0.0496,-0.0165,0.0472
5.8720,0.7608,-1.0495,9.5561,-0.0283,-0.0035,0.0417
5.9919,0.7882,-0.4625,9.5485,-0.0755,-0.0063,0.0354
6.1117,0.7690,-0.2151,9.3519,-0.0844,-0.0091,0.0205
6.2315,1.1705,-0.2867,9.0596,-0.0752,-0.0118,-0.0008
6.3514,0.8551,-0.1973,9.9040,-0.0661,0.0417,-0.0189
6.4712,0.4655,0.0039,9.9307,-0.0826,0.0005,-0.0165
6.5910,0.1949,0.1604,9.4151,-0.0826,-0.0299,
6.7109,0.0046,0.2175,9.2705,-0.0865,-0.0307,
6.8307,0.0325,0.1509,9.3454,-0.0904,-0.0162,
6.9506,0.1704,0.0809,9.3997,-0.0943,-0.0146,
7.0704,0.2090,-0.1003,9.4869,-0.0943,-0.0179,
7.1902,0.2739,-0.1818,9.6130,-0.0885,-0.0104,
7.3101,0.1682,-0.2066,9.5904,-0.0826,0.0000,
7.4299,0.1858,-0.2749,9.6558,-0.0826,-0.0155,0.0000
7.5497,0.3095,-0.1383,9.5574,-0.0943,-0.0189,0.0000
7.6696,0.3168,-0.1224,9.4140,-0.0826,-0.0149,0.0000
7.7894,0.2486,-0.2000,9.4620,-0.0826,-0.0163,
7.9092,0.2703,-0.1841,9.5084,-0.0885,-0.0125,
8.0291,0.3471,-0.0822,9.5830,-0.0944,-0.0125,
8.1489,0.3658,-0.0331,9.5445,-0.1003,-0.0083,
8.2688,0.3690,-0.1072,9.3555,-0.1062,-0.0118,0.0000
8.3886,0.3100,-0.1841,9.2911,-0.0992,-0.0330,
8.5084,0.3560,-0.2301,9.3047,-0.1062,-0.0331,
8.6283,0.5132,-0.2830,9.4954,-0.0685,-0.0319,
8.7481,0.6512,-0.2397,9.9374,-0.0464,-0.0099,
8.8679,0.7535,-0.1550,9.6528,-0.0744,0.0000,-0.0189
8.9878,0.8496,-0.1770,9.4117,-0.0744,0.0000,-0.0181
9.1076,0.7669,-0.2066,9.5251,-0.0744,-0.0182,-0.0173
9.2275,0.4387,-0.1708,9.2236,-0.0661,-0.0331,-0.0165
9.3473,0.7901,-0.1231,9.2475,-0.0826,-0.0233,-0.0171
9.4671,0.8578,-0.1088,9.3612,-0.0968,-0.0100,-0.0177
9.5870,1.0165,-0.2770,9.4124,,-0.0100,-0.0183
9.7068,1.1334,-0.3512,9.4723,,-0.0062,-0.0189
9.8266,1.0651,-0.4281,9.7124,,0.0138,
9.9465,0.9620,-0.4256,9.5537,,-0.0083,
10.0663,1.0179,-0.3388,9.2452,-0.0826,-0.0331,
10.1862,1.2163,-0.3595,9.1074,-0.0826,-0.0331,
10.3060,1.2287,-0.4917,9.1749,-0.0826,-0.0331,
10.4258,1.1190,-0.4587,9.3664,-0.0826,-0.0110,
10.5457,0.9835,-0.5124,9.4270,-0.0826,0.0028,
10.6655,0.7824,-0.5041,9.5523,-0.0716,0.0165,
10.7853,0.7273,-0.4298,9.6033,-0.0725,-0.0083,
10.9052,0.8397,-0.3581,9.5355,-0.0735,-0.0099,
11.0250,0.8781,-0.2920,9.4942,-0.0744,-0.0215,
11.1449,0.8788,-0.2934,9.3788,-0.0785,-0.0331,
11.2647,0.9360,-0.3884,9.3554,-0.0826,-0.0165,
11.3845,0.8871,-0.3388,9.5441,-0.0826,0.0000,
11.5044,0.8857,-0.3388,9.3540,-0.0826,0.0000,
11.6242,0.8843,-0.4050,9.2521,-0.0826,-0.0099,
11.7440,0.9174,-0.4766,9.2562,-0.0826,-0.0331,
11.8639,0.9421,-0.4656,9.2678,-0.0826,-0.0240,
11.9837,1.0909,-0.4380,9.3694,-0.0826,-0.0149,
12.1035,1.2083,-0.4174,9.4711,-0.0826,-0.0083,
12.2234,1.2121,-0.3926,9.5653,-0.0744,-0.0033,
12.3432,1.1501,-0.4587,9.4518,-0.0702,-0.0096,
12.4631,1.1860,-0.4545,9.2066,-0.0826,-0.0110,
12.5829,1.2645,-0.3326,9.3623,-0.0795,-0.0083,
12.7027,1.3581,-0.3444,9.5372,-0.0764,-0.0083,
12.8226,1.3388,-0.4187,9.2264,-0.0733,-0.0207,
12.9424,1.3058,-0.3843,9.0826,-0.0702,-0.0331,
13.0622,1.5372,-0.3574,9.3361,-0.0694,-0.0110,
13.1821,1.8691,-0.4766,9.3926,-0.0826,-0.0165,
13.3019,2.0592,-0.5592,9.3388,-0.0744,-0.0165,
13.4218,2.1620,-0.5317,9.2466,-0.0758,-0.0331,
13.5416,2.2521,-0.5627,8.9421,-0.0771,-0.0331,-0.0165
13.6614,2.4187,-0.5937,9.1157,-0.0826,-0.0289,
13.7813,2.3884,-0.5475,9.2017,-0.0826,-0.0165,
13.9011,2.2777,-0.4835,9.2876,-0.0826,-0.0083,
14.0209,2.2826,-0.5620,9.2397,-0.0826,-0.0083,
14.1408,2.2645,-0.6632,9.2355,-0.0727,-0.0083,
14.2606,2.1722,-0.6116,9.1405,-0.0716,-0.0138,
14.3805,2.0647,-0.4645,9.0895,-0.0771,-0.0083,
14.5003,1.8526,-0.4435,9.1612,-0.0826,-0.0083,
14.6201,1.7810,-0.5041,9.3691,-0.0694,-0.0083,
14.7400,1.8802,-0.4504,9.4242,-0.0727,-0.0083,
14.8598,1.9669,-0.2562,9.0893,,-0.0145,
14.9796,1.9554,-0.3161,8.7256,,-0.0331,
15.0995,1.8471,-0.5399,8.7149,,-0.0331,
15.2193,1.8457,-0.5785,8.9174,,-0.0331,
15.3392,1.9669,-0.5806,9.2507,-0.0744,-0.0207,
15.4590,2.0358,-0.3843,9.4678,-0.0744,-0.0083,
15.5788,2.0771,-0.2424,9.4876,-0.0744,-0.0083,
15.6987,2.1273,-0.3802,9.5758,-0.0868,0.0000,
15.8185,2.0545,-0.4601,9.4793,-0.0992,0.0083,
15.9383,1.8512,-0.4470,9.1504,-0.1157,-0.0033,
16.0582,1.8223,-0.4339,9.0716,-0.0923,-0.0110,
16.1780,2.0193,-0.5967,9.1289,-0.0689,-0.0110,
16.2978,2.0358,-0.5950,9.3554,-0.0634,0.0165,
16.4177,1.6529,-0.2989,9.8829,-0.0579,0.0052,-0.0165
16.5375,2.0096,-0.0446,9.4986,-0.1074,-0.0062,0.0083
16.6574,1.8540,-0.4587,8.7934,-0.1033,-0.0331,0.0083
16.7772,1.9477,-0.6694,8.8760,-0.0992,-0.0207,0.0000
16.8970,2.0909,-0.7107,9.3669,-0.1074,-0.0033,0.0000
17.0169,2.0723,-0.5207,9.7537,-0.1157,0.0132,0.0000
17.1367,1.8209,-0.4744,9.6129,-0.1240,0.0083,0.0083
17.2565,1.7989,-0.7397,9.3017,-0.1157,-0.0165,0.0165
17.3764,1.9917,-0.7983,9.2397,-0.0716,-0.0220,
17.4962,2.1116,-0.6136,9.2727,-0.0730,-0.0152,
17.6161,2.1336,-0.4959,9.1006,-0.0744,-0.0083,
17.7359,1.9132,-0.6260,9.1997,-0.0826,-0.0099,
17.8557,1.8450,-0.7769,9.3388,,-0.0099,
17.9756,1.9773,-0.6496,9.2314,,-0.0083,
18.0954,2.0810,-0.5496,9.1669,,-0.0124,
18.2152,2.1441,-0.6942,9.1319,,-0.0083,
18.3351,2.2074,-0.7341,9.0766,-0.0826,-0.0122,
18.4549,2.2279,-0.5520,8.6440,-0.0661,-0.0201,
18.5748,2.2343,-0.2889,8.8269,-0.0756,-0.0165,
18.6946,2.2645,-0.5021,9.3094,-0.0992,-0.0093,
18.8144,2.3085,-0.6901,9.3033,-0.0909,-0.0080,
18.9343,2.2995,-0.7422,9.3288,-0.0826,-0.0080,
19.0541,2.2149,-0.7355,9.2759,-0.0744,-0.0066,
19.1739,2.0737,-0.6469,9.2582,-0.0661,-0.0094,
19.2938,2.0061,-0.5331,9.3417,-0.0748,-0.0067,
19.4136,2.0026,-0.4988,9.2721,-0.0796,-0.0083,
19.5334,1.8866,-0.6942,9.1327,-0.0843,-0.0079,
19.6533,1.8727,-0.7798,9.0646,-0.0826,-0.0331,
19.7731,1.9204,-0.6929,9.1675,-0.0826,-0.0083,
19.8930,1.9784,-0.5992,9.2570,-0.0826,0.0000,
20.0128,1.9901,-0.6075,9.3529,-0.0826,-0.0033,
20.1326,1.9158,-0.6846,9.2438,-0.0771,-0.0189,
20.2525,1.5991,-0.7460,9.0148,-0.0716,-0.0284,0.0000
20.3723,2.0031,-0.7466,9.3104,-0.0661,-0.0063,
20.4921,1.9737,-0.5970,9.5336,-0.0690,-0.0062,
20.6120,2.0490,-0.5358,9.2928,-0.0719,-0.0077,
20.7318,1.9302,-0.5920,9.2685,-0.0748,-0.0089,
20.8517,1.8015,-0.7455,9.3759,-0.0661,-0.0076,
20.9715,1.8455,-0.7783,9.1303,-0.0705,-0.0071,
21.0913,1.9156,-0.6293,9.1453,-0.0748,-0.0074,
21.2112,2.0126,-0.5399,9.3235,-0.0826,-0.0077,
21.3310,2.0213,-0.5673,9.2705,-0.0826,-0.0033,
21.4508,2.0195,-0.5263,9.3339,-0.0826,-0.0040,
21.5707,1.9297,-0.4683,9.2646,-0.0826,-0.0047,
21.6905,1.8754,-0.6257,9.0583,-0.0668,-0.0165,
21.8104,1.8650,-0.6106,9.1392,-0.0567,-0.0148,
21.9302,1.8403,-0.3910,9.3077,-0.0739,-0.0092,
22.0500,1.8204,-0.4076,9.3351,-0.0826,-0.0076,
22.1699,1.7759,-0.5248,9.2311,-0.0826,-0.0077,
22.2897,1.7905,-0.5390,9.1843,-0.0826,-0.0077,
22.4095,1.8310,-0.5186,9.2688,-0.0826,-0.0077,
22.5294,1.8141,-0.4926,9.3700,-0.0697,-0.0077,
22.6492,1.7724,-0.5276,9.5212,-0.0701,-0.0077,
22.7691,1.7401,-0.4965,9.4339,-0.0826,-0.0077,
22.8889,1.7129,-0.4776,9.2957,-0.0826,-0.0079,
23.0087,1.7009,-0.4823,9.1394,-0.0807,-0.0095,
23.1286,1.7103,-0.4625,9.0833,-0.0787,-0.0089,
23.2484,1.6109,-0.3143,9.4074,-0.0768,0.0007,-0.0142
23.3682,1.5178,-0.2203,9.5641,-0.0526,-0.0012,-0.0142
23.4881,1.3776,-0.2776,9.1671,-0.0284,-0.0154,-0.0142
23.6079,1.3499,-0.2534,8.6507,-0.0490,-0.0279,-0.0142
23.7277,1.4889,-0.1163,8.6880,-0.0851,-0.0224,-0.0165
23.8476,1.6216,-0.0969,9.2401,-0.0789,-0.0118,-0.0248
23.9674,1.7236,-0.1560,9.5715,-0.0727,-0.0156,-0.0331
24.0873,1.7998,-0.0980,9.6063,-0.0750,-0.0157,
24.2071,1.8270,-0.0413,9.3078,-0.0788,-0.0142,
24.3269,1.7845,-0.0702,8.8602,-0.0826,-0.0116,
24.4468,1.8259,-0.1217,9.0005,-0.0770,-0.0175,
24.5666,1.8817,-0.0874,9.3547,-0.0713,-0.0157,-0.0331
24.6864,1.9165,-0.0638,9.4264,-0.0661,-0.0161,-0.0331
24.8063,1.9648,-0.0685,9.2354,-0.0839,-0.0156,-0.0331
24.9261,2.0355,-0.1689,9.0909,-0.0835,-0.0146,-0.0331
25.0460,1.9802,-0.1172,9.2570,-0.0831,-0.0146,-0.0331
25.1658,1.9955,-0.0654,9.4010,-0.0826,-0.0161,-0.0331
25.2856,2.0669,-0.0523,9.2397,-0.0909,-0.0146,-0.0268
25.4055,2.0929,-0.2144,9.1018,-0.0950,-0.0081,-0.0205
25.5253,2.0903,-0.4468,9.3031,-0.0992,-0.0008,-0.0142
25.6451,2.0888,-0.7355,9.3304,-0.0909,-0.0051,
25.7650,2.1807,-0.6426,9.2685,-0.0826,-0.0069,
25.8848,2.1521,-0.7707,9.5124,-0.0826,-0.0083,
26.0047,2.1736,-0.9504,9.5802,-0.0826,-0.0083,
26.1245,2.2149,-1.0000,9.3333,-0.0826,-0.0096,0.0165
26.2443,2.1901,-0.9959,9.2413,-0.1074,-0.0124,0.0165
26.3642,2.1088,-1.1091,9.1391,-0.0950,-0.0463,0.0033
26.4840,2.1088,-1.1355,8.7493,-0.0826,-0.0510,0.0000
26.6038,2.2149,-0.8132,8.4780,-0.0909,-0.0248,0.0165
26.7237,1.1074,-0.7603,8.5909,-0.0992,-0.0289,0.0165
26.8435,1.7355,-0.7273,8.8264,-0.1074,-0.0069,0.0165
26.9634,2.3587,-0.9174,9.6066,-0.0661,0.0310,0.0000
27.0832,2.4496,-0.6942,9.9490,-0.0702,0.0331,
27.2030,2.3058,-0.7636,9.1970,-0.0909,-0.0066,
27.3229,2.2645,-1.0860,9.1240,-0.0992,-0.0099,
27.4427,2.2052,-1.3099,9.3884,-0.0826,-0.0014,
27.5625,2.1174,-1.1240,8.9298,-0.0799,-0.0014,
27.6824,2.2810,-0.9725,9.0895,-0.0771,0.0000,
27.8022,2.3967,-1.2287,9.7658,-0.0744,0.0000,
27.9220,2.2645,-1.2851,10.0050,-0.0413,0.0165,
28.0419,2.0942,-1.1240,9.4298,-0.0455,0.0041,
28.1617,2.0579,-0.7174,8.2259,-0.0496,-0.0145,0.0165
28.2816,2.3306,-0.5014,8.2948,-0.0868,-0.0331,0.0165
28.4014,2.4697,-1.1570,9.1722,-0.0441,0.0000,0.0165
28.5212,2.1322,-1.4628,9.7424,-0.0303,-0.0165,0.0110
28.6411,2.0909,-1.0331,9.5620,-0.0165,-0.0331,0.0055
28.7609,2.1851,-0.7920,8.9471,-0.0434,-0.0248,0.0000
28.8807,2.1901,-0.6116,8.9785,-0.0589,-0.0165,0.0165
29.0006,2.1802,-0.8512,9.0678,-0.0744,-0.0331,0.0165
29.1204,2.1226,-0.8554,9.0041,-0.0826,-0.0289,0.0165
29.2403,2.1339,-0.8926,9.1446,-0.0826,-0.0132,0.0165
29.3601,2.2011,-0.8320,9.0964,-0.0826,-0.0099,
29.4799,2.2273,-0.5764,9.0950,-0.0694,-0.0021,
29.5998,2.2094,-0.2364,9.3361,-0.0744,-0.0198,
29.7196,2.1917,-0.3264,9.2204,-0.0744,-0.0165,
29.8394,2.1818,-0.5826,9.1686,-0.0744,-0.0099,
29.9593,2.1983,-0.5950,9.3058,-0.0702,-0.0165,
30.0791,2.1256,-0.4835,9.2446,-0.0716,-0.0165,
30.1990,2.0758,-0.4545,9.1171,-0.0730,-0.0152,
30.3188,2.1915,-0.5421,9.2975,-0.0744,-0.0083,
30.4386,2.2397,-0.5165,9.4959,,-0.0091,
30.5585,2.1554,-0.4587,9.4807,,-0.0099,
30.6783,2.1804,-0.6226,9.4449,,-0.0165,
30.7981,2.0207,-0.5438,9.4380,,-0.0165,
30.9180,1.9207,-0.3306,9.3587,-0.0716,-0.0103,
31.0378,1.9190,-0.4105,9.4284,-0.0826,-0.0083,
31.1576,1.7245,-0.2231,9.6446,-0.0826,-0.0062,
31.2775,1.6653,-0.1047,9.2521,-0.0716,-0.0262,-0.0165
31.3973,1.7967,-0.1260,9.0165,-0.0606,-0.0298,-0.0165
31.5172,1.8331,-0.3182,9.4669,-0.0496,0.0000,-0.0165
31.6370,1.8364,-0.4132,9.7658,-0.0331,-0.0062,-0.0165
31.7568,1.7438,-0.1405,9.1653,-0.0826,-0.0231,-0.0165
31.8767,0.9851,-0.1455,8.6198,-0.1074,-0.0331,0.0000
31.9965,1.7355,-0.2190,8.8140,-0.0992,-0.0248,0.0000
32.1163,1.8802,-0.2066,9.3154,-0.0909,-0.0083,-0.0055
32.2362,1.9223,-0.2507,9.5372,-0.0826,-0.0152,-0.0110
32.3560,1.9725,-0.2121,9.3540,-0.0826,-0.0264,-0.0165
32.4759,1.9986,-0.4091,9.1433,-0.0760,-0.0198,-0.0165
32.5957,1.9766,-0.5826,9.3843,-0.0694,-0.0021,
32.7155,2.0661,-0.4083,9.5840,-0.0744,0.0165,
32.8354,2.0694,-0.2913,9.3091,-0.0826,-0.0083,
32.9552,1.9074,-0.4077,8.9950,-0.0909,-0.0331,
33.0750,1.9124,-0.4780,9.0479,-0.0992,-0.0331,
33.1949,2.0606,-0.5482,9.4132,-0.0847,-0.0041,-0.0165
33.3147,2.0386,-0.5248,9.7410,-0.0702,0.0165,-0.0165
33.4346,1.8942,-0.4318,9.4449,-0.0716,-0.0165,-0.0165
33.5544,1.9642,-0.3388,9.2534,-0.0689,-0.0145,-0.0165
33.6742,1.7645,-0.4050,9.4876,-0.0661,0.0083,-0.0165
33.7941,1.6711,-0.4463,9.6579,-0.0744,0.0165,-0.0165
33.9139,1.8711,-0.5758,9.1983,-0.0758,-0.0207,-0.0110
34.0337,1.7707,-0.7421,8.5868,-0.0771,-0.0496,-0.0055
34.1536,1.9945,-0.7658,8.8292,-0.0758,-0.0413,0.0000
34.2734,2.1504,-0.6901,9.2686,-0.0744,-0.0033,0.0083
34.3933,2.1240,-0.9289,9.2879,-0.0744,-0.0055,0.0165
34.5131,2.1474,-1.1488,9.3912,-0.0771,-0.0041,0.0165
34.6329,2.1058,-0.8512,8.9904,-0.0799,-0.0132,0.0165
34.7528,1.2926,-0.6997,8.4201,-0.0826,-0.0496,0.0248
34.8726,1.3421,-0.8554,8.6678,-0.1074,-0.0264,0.0231
34.9924,1.4512,-0.8083,9.6959,-0.0496,0.0298,-0.0110
35.1123,2.4711,-0.3471,10.1388,-0.0661,0.0331,-0.0138
35.2321,2.3044,-0.1136,9.1860,-0.0826,-0.0231,-0.0165
35.3519,2.2397,-0.2231,8.5083,-0.1074,-0.0372,
35.4718,2.1295,-0.4793,8.6873,-0.1322,-0.0165,
35.5916,2.2273,-0.9504,9.3871,-0.0744,-0.0165,
35.7115,2.5140,-0.7713,9.7397,-0.0661,-0.0083,
35.8313,2.4463,-0.3994,9.5041,-0.0579,-0.0083,
35.9511,2.2909,-0.3273,9.0529,-0.0992,-0.0248,
36.0710,2.2645,-0.3835,8.7796,-0.0909,-0.0331,
36.1908,2.3339,-0.6219,9.1680,-0.0826,-0.0083,
36.3106,2.3488,-0.6529,9.4821,-0.0785,-0.0083,
36.4305,2.3521,-0.5702,9.4325,-0.0744,-0.0198,
36.5503,2.3719,-0.5909,9.3375,-0.0744,-0.0132,
36.6702,2.3124,-0.6198,9.2590,,-0.0083,
36.7900,2.3504,-0.5344,9.0264,,-0.0110,
36.9098,2.4926,-0.4821,9.3438,,-0.0083,
37.0297,2.4413,-0.4573,9.3760,,-0.0207,
37.1495,2.2080,-0.6182,8.5978,-0.0909,-0.0372,
37.2693,2.1226,-0.5847,8.6061,-0.0992,-0.0331,
37.3892,2.3264,-0.3264,9.0551,-0.0992,-0.0358,0.0000
37.5090,2.4725,-0.5303,9.3857,-0.0992,-0.0182,0.0000
37.6289,2.4421,-0.7438,9.6102,-0.0909,0.0066,
37.7487,2.3698,-0.6970,9.1405,-0.0826,-0.0041,
37.8685,2.5455,-0.7686,8.8992,-0.0661,-0.0331,
37.9884,2.7831,-0.7493,9.2355,-0.0702,-0.0041,
38.1082,2.8099,-0.6446,9.5193,-0.0744,0.0165,
38.2280,2.7562,-0.6364,9.4187,-0.0744,-0.0083,
38.3479,2.7824,-0.6832,9.0179,-0.0826,-0.0314,
38.4677,2.2860,-0.7231,9.0826,-0.0992,-0.0116,0.0000
38.5876,1.8430,-0.8612,9.2631,-0.0826,0.0231,0.0000
38.7074,2.7287,-0.8926,9.2245,-0.0785,-0.0017,0.0000
38.8272,2.8540,-0.7665,9.0510,-0.0744,-0.0331,0.0000
38.9471,3.0380,-0.8264,9.1736,-0.0716,-0.0138,0.0000
39.0669,3.1372,-0.9545,9.4876,-0.0730,0.0000,0.0000
39.1867,2.5421,-0.9669,9.3788,-0.0744,0.0132,0.0000
39.3066,3.1653,-0.7785,8.9063,-0.0716,-0.0186,0.0000
39.4264,2.8760,-0.6479,8.3967,-0.0716,-0.0397,0.0000
39.5462,2.9256,-0.8705,8.5014,-0.0744,-0.0248,
39.6661,3.2248,-0.8161,9.3196,-0.0735,-0.0165,
39.7859,3.2273,-0.7736,9.6083,-0.0725,-0.0083,
39.9058,3.2314,-0.7769,9.2826,-0.0716,-0.0083,
40.0256,3.2837,-0.7149,9.0661,,-0.0099,
40.1454,3.2775,-0.7219,8.9475,,-0.0071,
40.2653,3.1970,-0.7975,8.8927,,-0.0142,
40.3851,3.1240,-0.6001,8.6521,,-0.0201,
40.5049,3.1238,-0.5913,8.5717,-0.0992,-0.0331,
40.6248,2.3869,-0.7521,8.7727,-0.0992,-0.0195,0.0000
40.7446,3.2801,-0.8172,9.0614,-0.0945,0.0099,0.0000
40.8645,3.3065,-0.9008,9.3115,-0.0898,0.0142,0.0000
40.9843,3.3487,-0.9285,9.1192,-0.0851,-0.0055,0.0000
41.1041,3.4095,-0.9339,8.8153,-0.0762,-0.0354,0.0000
41.2240,2.3879,-0.9835,8.7433,-0.0673,-0.0449,0.0000
41.3438,4.0556,-1.2612,8.9139,-0.0585,-0.0163,0.0000
41.4636,4.0778,-1.0358,9.4200,-0.0638,0.0213,0.0000
41.5835,3.6890,-1.0368,9.5150,-0.0756,0.0205,-0.0041
41.7033,3.6886,-0.8712,9.3364,-0.0744,0.0157,-0.0028
41.8232,3.6634,-0.7415,9.2727,-0.0826,0.0020,-0.0014
41.9430,3.5719,-0.9628,8.9474,-0.0744,-0.0331,0.0000
42.0628,2.0876,-0.9645,8.5555,-0.0661,-0.0390,-0.0066
42.1827,2.3392,-0.8210,8.5747,-0.0826,-0.0340,-0.0047
42.3025,3.6491,-0.8269,8.8375,-0.0826,-0.0331,0.0000
42.4223,3.6529,-0.9616,8.9388,-0.0826,-0.0083,
42.5422,3.6529,-0.9362,9.0080,-0.0826,0.0000,
42.6620,3.5730,-1.0251,9.0486,-0.0673,-0.0041,
42.7818,3.5536,-0.9984,8.8656,-0.0768,-0.0077,
42.9017,3.6496,-0.8889,8.8679,-0.0661,-0.0095,
43.0215,3.6739,-0.8574,8.9177,-0.0709,-0.0106,
43.1414,3.6538,-0.7759,8.9145,-0.0709,0.0000,
43.2612,3.6573,-0.9080,8.9333,-0.0709,-0.0071,
43.3810,3.6587,-0.9566,8.8484,-0.0638,-0.0165,
43.5009,3.5967,-0.8721,8.8236,-0.0851,-0.0127,
43.6207,3.6510,-0.8313,8.8627,-0.0638,-0.0088,
43.7405,3.6739,-0.8322,8.9775,-0.0646,-0.0049,
43.8604,3.6315,-0.9140,8.9126,-0.0654,-0.0017,
43.9802,3.6966,-0.8798,8.8743,-0.0661,-0.0095,
44.1001,3.6772,-0.8582,8.8384,-0.0709,-0.0331,
44.2199,3.7564,-0.8691,8.8686,-0.0826,-0.0165,
44.3397,3.8009,-0.8541,8.8561,-0.0839,-0.0075,
44.4596,3.9155,-0.9617,8.9139,-0.0851,-0.0075,
44.5794,3.9624,-0.9551,8.9679,-0.0826,-0.0033,
44.6992,4.0248,-1.0067,9.0374,-0.0768,-0.0033,
44.8191,3.0334,-1.1154,9.2627,-0.0709,0.0123,0.0000
44.9389,3.9608,-1.0325,8.8434,-0.0661,0.0106,-0.0142
45.0588,3.1787,-0.8183,8.8680,-0.0726,-0.0175,-0.0165
45.1786,4.0113,-0.9521,8.9580,-0.0792,-0.0374,-0.0151
45.2984,3.3247,-0.9084,8.8318,-0.0857,-0.0183,-0.0142
45.4183,4.1107,-0.8996,8.8718,-0.0922,-0.0075,-0.0146
45.5381,3.9350,-0.9960,8.6991,-0.0992,-0.0104,-0.0150
45.6579,3.9220,-1.1647,8.6762,-0.0839,-0.0302,-0.0154
45.7778,1.3456,-1.0160,8.8357,-0.0915,-0.0394,-0.0028
45.8976,4.1689,-0.8606,8.8856,-0.0992,-0.0163,0.0000
46.0175,3.5744,-1.0198,9.0508,-0.0993,0.0260,-0.0083
46.1373,4.0300,-1.1570,8.8055,-0.0992,0.0543,-0.0154
46.2571,3.7998,-1.2707,8.8242,-0.0709,0.0347,-0.0142
46.3770,3.7549,-0.8483,8.8106,-0.0780,-0.0012,-0.0177
46.4968,3.8494,-0.4234,9.1372,-0.0850,-0.0298,-0.0213
46.6166,3.8205,-0.6053,9.0983,-0.1412,-0.0102,-0.0248
46.7365,1.7708,-1.2248,8.9929,-0.0868,-0.0094,-0.0284
46.8563,3.4718,-1.1631,8.8160,-0.0366,-0.0208,-0.0295
46.9761,3.5256,-0.5473,8.7443,-0.0661,-0.0321,-0.0307
47.0960,3.6958,-0.5323,9.0325,-0.0992,-0.0224,-0.0319
47.2158,3.6748,-0.8186,9.1345,-0.1277,-0.0157,-0.0331
47.3357,3.5662,-1.1489,8.9780,-0.0661,-0.0134,-0.0331
47.4555,3.4994,-0.9890,8.8391,-0.0370,0.0000,-0.0325
47.5753,3.7846,-0.4522,8.8876,-0.0540,0.0000,-0.0320
47.6952,3.6928,-0.5565,9.0333,-0.0709,0.0185,-0.0315
47.8150,2.4339,-0.8092,9.1146,-0.0851,0.0331,-0.0315
47.9348,2.3583,-0.6026,9.0687,-0.0716,0.0317,-0.0321
48.0547,2.2814,-0.3862,9.2064,-0.0744,0.0061,-0.0284
48.1745,2.2496,-0.2456,9.3551,-0.0771,-0.0138,-0.0409
48.2944,2.1673,-0.2149,9.2121,-0.0799,-0.0161,-0.0534
48.4142,2.2350,-0.0323,9.2244,-0.0826,-0.0161,-0.0660
48.5340,1.1508,0.1081,9.2854,-0.1000,0.0000,-0.0785
48.6539,2.3051,-0.1771,9.2970,-0.1277,0.0000,
48.7737,2.1648,-0.3159,9.1858,-0.1052,-0.0066,
48.8935,2.1322,-0.0689,9.0083,-0.0826,-0.0165,
49.0134,2.1804,0.1116,9.1419,-0.0799,-0.0165,
49.1332,1.6639,0.2293,9.3113,-0.0771,-0.0083,-0.1388
49.2531,0.6019,0.3471,9.3554,-0.0744,0.0193,-0.1570
49.3729,-0.0110,0.8994,9.5523,-0.0744,0.0331,-0.1752
49.4927,-0.2314,1.1136,9.7686,-0.0744,0.0014,-0.2149
49.6126,-0.3939,1.4066,9.9256,-0.0744,-0.0207,-0.2314
49.7324,-0.1116,1.6116,9.6997,-0.1157,-0.0220,-0.2314
49.8522,-0.1306,1.5702,9.3488,-0.1570,-0.0041,-0.2438
49.9721,0.0523,1.2810,9.5110,-0.1653,0.0165,-0.2479
50.0919,0.0275,0.9118,9.5758,-0.1240,0.0055,-0.2479
50.2118,0.1074,0.9731,9.4904,-0.1033,-0.0298,-0.2479
50.3316,0.1543,1.5220,9.6102,-0.0826,-0.0496,-0.2413
50.4514,0.3485,1.9649,9.5661,-0.1157,-0.0303,-0.2446
50.5713,0.1281,1.9876,9.5083,-0.1488,-0.0165,-0.2727
50.6911,0.3760,2.0689,9.3609,-0.1446,-0.0165,-0.2975
50.8109,0.6248,1.9769,9.4909,-0.1405,-0.0165,-0.3099
50.9308,0.5174,1.9455,9.5669,-0.0992,-0.0207,-0.3372
51.0506,1.4430,2.1587,9.4077,-0.0950,-0.0331,-0.3471
51.1704,1.1240,2.6391,9.2163,-0.0909,-0.0331,-0.3669
51.2903,1.4862,3.0207,9.1970,-0.1157,-0.0364,-0.3868
51.4101,1.6515,3.1157,9.3278,-0.1405,-0.0397,-0.4099
51.5300,1.2661,3.3168,9.2617,-0.1543,-0.0331,-0.4397
51.6498,1.2678,3.4711,9.1777,-0.1680,-0.0331,-0.4628
51.7696,1.6479,3.6033,9.3207,-0.1818,-0.0165,-0.4628
51.8895,1.4281,3.5107,9.3190,-0.1818,0.0000,-0.4463
52.0093,1.1446,3.2661,9.2198,-0.1818,0.0055,-0.4364
52.1291,0.8581,2.9449,9.4614,-0.1736,0.0033,-0.4000
52.2490,0.3041,2.5868,9.7851,-0.1529,0.0058,-0.3554
52.3688,0.6350,2.6347,9.7493,-0.1322,0.0083,-0.3207
52.4887,0.3372,2.6017,9.7782,-0.1240,0.0397,-0.2975
52.6085,0.5964,1.6804,9.9518,-0.1157,0.0595,-0.2810
52.7283,0.3471,2.3912,9.6050,-0.1488,0.0430,-0.2438
52.8482,-0.0888,1.8628,9.5551,-0.1653,-0.0314,-0.2149
52.9680,0.0826,1.7273,9.3485,-0.1364,-0.0694,-0.2149
53.0878,0.2496,1.5275,9.0399,-0.1074,-0.0110,-0.1818
53.2077,0.2975,1.2826,9.9063,,0.0231,-0.1570
53.3275,0.0771,1.2645,10.0124,,-0.0165,-0.1388
53.4474,0.0562,1.1598,9.6074,,-0.0331,
53.5672,0.0909,1.0055,9.4559,,-0.0231,
53.6870,0.0248,0.7955,9.4697,,-0.0165,
53.8069,-0.0062,0.6116,9.6116,,-0.0165,
53.9267,-0.0124,0.4821,9.5901,,-0.0165,-0.0496
54.0465,-0.0289,0.4752,9.5537,-0.0826,-0.0165,-0.0496
54.1664,-0.0262,0.4986,9.6501,,-0.0165,-0.0413
54.2862,0.0579,0.4793,9.5934,,-0.0165,-0.0331
54.4061,0.0661,0.4793,9.5468,,-0.0165,-0.0441
54.5259,0.0923,0.4215,9.4242,,-0.0165,-0.0496
54.6457,0.0000,0.3967,9.5579,,-0.0055,-0.0496
54.7656,0.1219,0.3678,9.7008,-0.0661,0.0000,-0.0496
54.8854,0.3967,0.4188,9.6430,-0.0744,-0.0165,-0.0331
55.0052,0.5784,0.4698,9.5115,-0.0826,-0.0159,-0.0307
55.1251,0.8705,0.2650,9.3543,-0.0826,-0.0331,
55.2449,0.9223,-0.0103,9.0894,-0.0826,-0.0283,
55.3647,0.7305,0.0500,9.0443,-0.0826,-0.0331,
55.4846,0.6890,0.0854,9.2139,-0.0826,-0.0213,
55.6044,0.6782,0.0685,9.3389,-0.0826,-0.0081,
55.7243,0.6585,0.0083,9.4248,-0.0826,-0.0142,
55.8441,0.8021,-0.0372,9.4237,-0.0826,-0.0165,
55.9639,0.9941,-0.0036,9.4155,-0.0826,-0.0157,
56.0838,1.0843,0.0292,9.4394,-0.0826,-0.0120,
56.2036,1.1032,-0.0963,9.4118,-0.0826,-0.0091,
56.3234,1.0388,-0.1844,9.1955,-0.0826,-0.0083,
56.4433,1.0876,-0.2732,9.1014,-0.0826,-0.0331,
56.5631,1.2899,-0.4114,9.2366,-0.0826,-0.0299,0.0000
56.6830,1.4498,-0.4711,9.3573,-0.0661,-0.0124,
56.8028,1.5355,-0.3347,9.4094,-0.0714,-0.0092,
56.9226,1.5273,-0.1544,9.4188,-0.0768,-0.0078,
57.0425,1.4897,-0.1675,9.3895,-0.0851,-0.0083,
57.1623,1.4623,-0.2686,9.3704,-0.0756,-0.0089,
57.2821,1.4244,-0.2533,9.5105,-0.0661,-0.0062,
57.4020,1.4365,-0.1760,9.5694,-0.0756,-0.0077,
57.5218,1.5747,-0.1961,9.3893,,-0.0077,
57.6417,1.8590,-0.2848,9.3231,,-0.0110,
57.7615,2.0085,-0.3759,9.1936,,-0.0124,
57.8813,2.0976,-0.3688,9.0910,,-0.0083,
58.0012,2.2339,-0.4113,9.1477,,-0.0124,
58.1210,2.3100,-0.4569,9.2176,-0.0826,-0.0090,
58.2408,2.3058,-0.4681,9.2097,-0.0826,-0.0075,
58.3607,2.3107,-0.4965,9.1174,-0.0826,-0.0136,
58.4805,2.2797,-0.5050,9.0941,-0.0826,-0.0095,
58.6003,2.1971,-0.5313,9.1713,-0.0826,-0.0075,
58.7202,2.0752,-0.5109,9.2333,-0.0826,-0.0087,
58.8400,1.9362,-0.4610,9.2552,-0.0826,-0.0073,
58.9599,1.9338,-0.4113,9.1841,-0.0826,-0.0073,
59.0797,2.0102,-0.4525,9.1471,-0.0826,-0.0124,
59.1995,1.9961,-0.4879,9.2763,-0.0826,-0.0075,
59.3194,1.9069,-0.4894,9.2180,-0.0727,-0.0075,
59.4392,1.8905,-0.3669,9.2253,-0.0723,-0.0075,
59.5590,1.8894,-0.3546,9.3283,-0.0826,-0.0033,
59.6789,1.8712,-0.2938,9.3105,-0.0826,-0.0063,
59.7987,1.8678,-0.3415,9.3406,-0.0851,-0.0073,
59.9186,1.8641,-0.3891,9.3548,-0.0851,-0.0073,
60.0384,1.8281,-0.4326,9.2938,-0.0851,-0.0075,
60.1582,1.8086,-0.4326,9.2765,-0.0851,-0.0075,
60.2781,1.8117,-0.4408,9.3356,-0.0814,-0.0075,
60.3979,1.8121,-0.4489,9.3828,-0.0776,-0.0075,
60.5177,1.8422,-0.4442,9.4049,-0.0739,-0.0083,
60.6376,1.8724,-0.3617,9.4786,-0.0700,-0.0077,
60.7574,1.8639,-0.3546,9.5633,-0.0662,-0.0071,
60.8773,1.7878,-0.3828,9.4092,-0.0826,-0.0090,
60.9971,1.7802,-0.3511,9.1808,-0.0826,-0.0083,
61.1169,1.8051,-0.3194,9.2278,-0.0756,-0.0077,
61.2368,1.8525,-0.3404,9.3391,-0.0673,-0.0077,
61.3566,1.8800,-0.3742,9.4113,-0.0826,-0.0077,
61.4764,1.8223,-0.3688,9.4058,-0.0826,-0.0077,
61.5963,1.8121,-0.4034,9.3054,-0.0768,-0.0092,
61.7161,1.8458,-0.3741,9.2270,-0.0714,-0.0077,
61.8360,1.9067,-0.3774,9.1963,-0.0661,-0.0110,
61.9558,1.9936,-0.0567,9.2561,-0.0727,-0.0071,
62.0756,2.0543,-0.3794,9.3246,-0.0716,-0.0079,
62.1955,2.0835,-0.4110,9.1852,,-0.0091,
62.3153,2.1225,-0.4931,9.0499,,-0.0083,
62.4351,2.2059,-0.4950,9.1217,,-0.0083,
62.5550,2.2161,-0.5315,9.1897,,-0.0079,
62.6748,2.1986,-0.5702,9.1701,,-0.0080,
62.7946,2.2090,-0.5744,9.1422,-0.0826,-0.0083,
62.9145,2.2149,-0.5909,9.2263,-0.0826,-0.0083,
63.0343,2.2197,-0.6085,9.2978,-0.0826,-0.0069,
63.1542,2.2029,-0.6261,9.2236,-0.0826,0.0000,
63.2740,2.2015,-0.6446,9.1450,-0.0826,0.0000,
63.3938,2.1454,-0.6253,9.1990,-0.0826,0.0000,
63.5137,2.0351,-0.6033,9.2559,-0.0826,-0.0094,
63.6335,1.9908,-0.5372,9.1086,-0.0826,0.0010,
63.7533,2.0430,-0.5096,9.3587,-0.0826,-0.0062,
63.8732,2.0331,-0.5950,9.4347,-0.0826,-0.0124,
63.9930,1.9339,-0.5702,9.1752,-0.0826,-0.0116,
64.1129,1.9174,-0.5455,9.1901,-0.0826,-0.0223,
64.2327,1.9022,-0.4628,9.0964,-0.0826,-0.0331,
64.3525,1.9025,-0.5096,9.0427,-0.0826,-0.0331,
64.4724,1.9190,-0.5455,9.1143,-0.0826,-0.0165,
64.5922,1.9207,-0.5124,9.2355,-0.0826,-0.0083,
64.7120,1.9022,-0.4793,9.3127,-0.0826,-0.0083,
64.8319,1.8409,-0.4711,9.2562,,-0.0083,
64.9517,1.8017,-0.5014,9.1686,,-0.0099,
65.0716,1.8361,-0.5358,9.1405,,-0.0099,
65.1914,1.8733,-0.5702,9.2521,,-0.0096,
65.3112,1.8017,-0.6550,9.3044,,-0.0331,
65.4311,1.7893,-0.6594,9.1474,-0.0826,-0.0331,
65.5509,1.8926,-0.6639,9.1873,-0.0826,-0.0083,
65.6707,1.8876,-0.6625,9.3085,-0.0826,0.0000,
65.7906,1.8099,-0.6612,9.2595,-0.0826,-0.0099,
65.9104,1.8215,-0.6942,9.2893,-0.0826,-0.0099,
66.0303,1.8168,-0.6749,9.3361,-0.0826,0.0000,
66.1501,1.7955,-0.6694,9.2769,-0.0826,-0.0096,
66.2699,1.7658,-0.7107,9.3085,-0.0826,-0.0092,
66.3898,1.7128,-0.6818,9.2727,-0.0826,-0.0087,
66.5096,1.7769,-0.6474,9.1474,-0.0826,-0.0083,
66.6294,1.8512,-0.6095,9.3333,-0.0826,0.0000,
66.7493,1.7231,-0.6198,9.3273,-0.0826,0.0000,
66.8691,1.6727,-0.6446,9.0942,-0.0826,-0.0248,0.0000
66.9889,1.7851,-0.5868,9.2198,-0.0826,-0.0145,0.0000
67.1088,1.8595,-0.4793,9.4821,-0.0826,0.0179,0.0000
67.2286,1.8581,-0.5372,9.5482,-0.0992,0.0179,0.0000
67.3485,1.7906,-0.6550,9.3526,-0.0992,-0.0041,0.0000
67.4683,1.7174,-0.7080,9.1708,-0.0992,-0.0186,0.0000
67.5881,1.6860,-0.7541,9.1253,-0.0854,-0.0331,0.0000
67.7080,1.7066,-0.7645,9.0785,-0.0716,-0.0331,0.0000
67.8278,1.7702,-0.7603,9.1223,-0.0723,-0.0207,
67.9476,1.8545,-0.7273,9.3025,-0.0730,-0.0083,
68.0675,2.0455,-0.6725,9.8140,-0.0737,0.0000,
68.1873,1.9972,-0.6178,10.0592,-0.0744,0.0083,
68.3072,1.8567,-0.7058,9.3719,-0.0785,0.0165,
68.4270,1.8912,-0.7658,9.3223,-0.0826,0.0041,
68.5468,1.7554,-0.7562,9.3499,-0.0716,-0.0165,
68.6667,1.7025,-0.7466,9.0482,,-0.0331,
68.7865,1.7157,-0.7369,9.1256,,-0.0331,
68.9063,1.7504,-0.7273,9.2727,,-0.0124,
69.0262,1.7686,-0.6667,9.2766,,0.0000,
69.1460,1.7963,-0.6323,9.2899,,0.0000,0.0165
69.2659,1.7884,-0.6897,9.2706,,-0.0124,0.0142
69.3857,1.8129,-0.7437,9.2236,-0.0744,-0.0061,0.0150
69.5055,1.8369,-0.5088,9.3060,-0.0512,0.0002,0.0157
69.6254,1.7961,-0.3676,9.5036,-0.0638,-0.0054,0.0165
69.7452,1.7005,-0.5482,9.1969,-0.0992,-0.0165,0.0161
69.8650,1.3610,-0.6419,9.0345,-0.0992,-0.0111,0.0161
69.9849,1.1555,-0.7315,9.2331,-0.0851,0.0000,0.0161
70.1047,1.3870,-0.7376,9.2862,-0.0851,-0.0096,0.0157
70.2245,1.7586,-0.7272,9.2453,-0.0851,-0.0157,0.0157
70.3444,1.7701,-0.7164,9.2028,-0.0851,-0.0116,0.0157
70.4642,1.1183,-0.7055,9.1771,-0.0851,-0.0014,0.0157
70.5841,1.3137,-0.7438,9.1933,-0.0921,-0.0161,0.0157
70.7039,1.3636,-0.7397,9.1921,-0.0993,-0.0116,0.0157
70.8237,1.7384,-0.7376,9.2979,-0.0951,0.0000,0.0142
70.9436,1.7159,-0.7418,9.3844,-0.0910,0.0000,
71.0634,1.6901,-0.7460,9.3186,-0.0868,-0.0081,
71.1832,1.7334,-0.7376,9.2613,-0.0826,-0.0077,
71.3031,1.8429,-0.7603,9.3837,-0.0826,0.0000,
71.4229,2.0077,-0.7738,9.4857,-0.0826,0.0000,
71.5428,2.0836,-0.7874,9.4218,-0.0826,0.0000,
71.6626,2.0679,-0.8313,9.2013,-0.0677,-0.0064,
71.7824,2.0647,-0.5809,9.0614,-0.0739,-0.0331,0.0000
71.9023,2.0950,-0.8122,9.0095,-0.0685,-0.0302,0.0000
72.0221,2.1299,-0.7609,9.2232,-0.0703,-0.0059,
72.1419,2.1075,-0.6889,9.4604,-0.0721,0.0000,
72.2618,2.0756,-0.6312,9.2909,-0.0738,-0.0079,
72.3816,2.0597,-0.6170,9.2603,-0.0756,-0.0106,
72.5015,2.0061,-0.6521,9.2699,-0.0677,-0.0142,
72.6213,1.9929,-0.3424,9.2007,-0.0756,-0.0142,
72.7411,1.9728,-0.5872,9.1501,-0.0826,-0.0049,
72.8610,1.8925,-0.5780,9.1442,-0.0835,-0.0076,
72.9808,1.9031,-0.5674,9.2961,-0.0843,-0.0059,
73.1006,1.8755,-0.6093,9.2403,-0.0851,-0.0140,0.0148
73.2205,1.7960,-0.6864,8.9699,-0.0851,-0.0152,0.0147
73.3403,1.8251,-0.6525,9.1174,-0.0826,0.0000,0.0150
73.4602,1.8708,-0.7055,9.4078,-0.0826,0.0000,0.0154
73.5800,1.8683,-0.7066,9.3793,-0.0851,0.0000,0.0150
73.6998,1.8125,-0.7538,9.2997,-0.0993,0.0000,0.0146
73.8197,0.7315,-0.8582,9.2753,-0.0993,-0.0057,0.0142
73.9395,0.3797,-0.9610,9.2172,-0.0851,-0.0112,0.0147
74.0593,1.7842,-0.9713,9.3098,-0.0709,0.0000,0.0154
74.1792,1.7574,-0.9055,9.3675,-0.0567,-0.0024,
74.2990,1.7713,-0.8492,9.2783,-0.0567,-0.0089,
74.4188,1.7980,-0.7572,9.2633,-0.0567,-0.0142,
74.5387,1.8095,-0.6824,9.2026,-0.0567,-0.0236,
74.6585,1.8523,-0.6262,9.1820,-0.0638,-0.0331,
74.7784,1.8723,-0.6312,9.2231,-0.0709,-0.0211,
74.8982,1.8582,-0.5901,9.3070,-0.0748,-0.0092,
75.0180,1.8826,-0.5289,9.3785,-0.0727,-0.0076,
75.1379,1.9007,-0.5198,9.3052,-0.0706,-0.0089,
75.2577,1.8706,-0.4681,9.1979,-0.0685,-0.0138,
75.3775,1.8435,-0.4569,9.1707,-0.0826,-0.0083,
75.4974,1.9421,-0.4318,9.3233,-0.0826,-0.0136,
75.6172,2.0295,-0.2986,9.4621,-0.0723,-0.0083,
75.7371,1.9787,-0.2957,9.4024,-0.0673,-0.0104,
75.8569,1.9327,-0.2488,9.2360,-0.0711,-0.0159,
75.9767,1.9220,-0.2517,9.0513,-0.0750,-0.0331,
76.0966,1.9016,-0.2546,9.0067,-0.0788,-0.0195,
76.2164,1.9299,-0.3102,9.1412,-0.0826,-0.0157,
76.3362,1.9730,-0.3060,9.2766,-0.0851,-0.0120,
76.4561,1.9636,-0.2979,9.3301,,-0.0079,
76.5759,1.9120,-0.2975,9.3620,,-0.0062,
76.6958,1.8376,-0.2976,9.2592,,-0.0080,
76.8156,1.8044,-0.3563,9.1386,,-0.0097,
76.9354,1.8099,-0.4194,9.1391,,-0.0165,
77.0553,1.8201,-0.3884,9.0490,,-0.0323,-0.0154
77.1751,1.9148,-0.2727,9.0542,-0.0826,-0.0213,-0.0165
77.2949,2.0045,-0.2185,9.3541,-0.0826,-0.0094,
77.4148,1.9594,-0.2386,9.4568,,-0.0062,
77.5346,1.9451,-0.2979,9.2637,,-0.0094,
77.6545,1.9367,-0.2479,8.9807,,-0.0161,
77.7743,1.9306,-0.1653,8.9803,,-0.0161,
77.8941,2.0868,-0.1322,9.3124,-0.0661,-0.0062,-0.0331
78.0140,2.1543,-0.1426,9.7835,-0.0744,-0.0138,
78.1338,2.1124,-0.2273,9.6736,,-0.0099,
78.2536,2.0771,-0.2810,9.3912,,-0.0124,
78.3735,2.0628,-0.2948,9.3540,,-0.0165,
78.4933,2.0482,-0.3085,9.0523,,-0.0207,
78.6131,2.0678,-0.2948,8.9490,,-0.0198,
78.7330,2.0992,-0.2741,9.2424,,-0.0099,-0.0331
78.8528,2.1190,-0.2760,9.4165,,0.0000,-0.0331
78.9727,2.1136,-0.2760,9.2727,,-0.0099,-0.0331
79.0925,2.0964,-0.3051,9.1787,,-0.0161,-0.0331
79.2123,2.1193,-0.3206,9.2088,-0.0851,-0.0161,-0.0331
79.3322,2.1095,-0.3169,9.2185,-0.0661,-0.0150,-0.0331
79.4520,2.1689,-0.3390,9.1793,-0.0614,-0.0179,
79.5718,2.2135,-0.2672,9.0805,-0.0567,-0.0170,
79.6917,2.2376,-0.3244,9.2192,-0.0617,-0.0161,
79.8115,2.2976,-0.4004,9.3909,-0.0667,-0.0146,
79.9314,2.3218,-0.4298,9.3189,-0.0716,-0.0146,
80.0512,2.2847,-0.4478,9.1927,-0.0826,-0.0157,
80.1710,2.2664,-0.4608,9.1591,-0.0835,-0.0120,
80.2909,2.3063,-0.4738,9.1748,-0.0843,-0.0103,
80.4107,2.2667,-0.5031,9.1215,-0.0851,-0.0091,
80.5305,2.2313,-0.5433,9.1309,-0.0744,-0.0079,
80.6504,2.1614,-0.4231,9.0054,-0.0750,-0.0175,
80.7702,2.1193,-0.2611,8.9486,-0.0756,-0.0321,-0.0165
80.8901,2.1361,-0.1844,9.0451,-0.0826,-0.0246,-0.0142
81.0099,2.0546,-0.1720,9.1557,-0.0909,-0.0074,
81.1297,2.0019,-0.1815,9.2311,-0.0992,-0.0083,
81.2496,2.0331,-0.1910,9.2558,-0.1075,-0.0077,
81.3694,2.0467,-0.3107,9.2558,-0.0992,-0.0053,
81.4892,1.9955,-0.3830,9.3087,-0.0851,-0.0087,
81.6091,1.9472,-0.3759,9.3113,-0.0810,-0.0121,
81.7289,1.9806,-0.3636,9.2788,-0.0768,-0.0140,
81.8487,2.0000,-0.3898,9.4477,-0.0727,-0.0071,
81.9686,1.9764,-0.4326,9.6007,-0.0685,-0.0077,
82.0884,1.9679,-0.3719,9.5095,-0.0712,-0.0083,
82.2083,1.9674,-0.3633,9.3620,-0.0739,-0.0151,
82.3281,1.9239,-0.4057,9.1497,-0.0826,-0.0119,
82.4479,1.9685,-0.4797,9.2044,-0.0826,-0.0087,
82.5678,2.0039,-0.5508,9.4258,-0.0685,-0.0039,
82.6876,1.9311,-0.5496,9.3695,-0.0709,-0.0061,
82.8074,1.9066,-0.5197,9.2583,-0.0768,-0.0085,
82.9273,1.9163,-0.5002,9.2295,-0.0826,-0.0109,
83.0471,1.9182,-0.4808,9.1418,-0.0693,-0.0132,
83.1670,1.9271,-0.3323,9.1077,-0.0733,-0.0173,
83.2868,1.8733,-0.2543,9.0674,-0.0693,-0.0331,
83.4066,1.9580,-0.0567,9.1713,-0.0733,-0.0132,
83.5265,2.0622,-0.2710,9.4969,-0.0792,-0.0035,
83.6463,2.0317,-0.2872,9.5584,-0.0851,-0.0037,
83.7661,1.9551,-0.3617,9.4079,-0.0851,-0.0038,
83.8860,1.9130,-0.3723,9.2652,-0.0851,-0.0071,
84.0058,1.8709,-0.3830,9.1121,,-0.0128,
84.1257,1.9043,-0.3499,8.9433,,-0.0326,-0.0142
84.2455,1.9901,-0.4312,9.0603,,-0.0241,-0.0142
84.3653,2.0662,-0.4752,9.3771,,-0.0071,
84.4852,2.1217,-0.3995,9.4837,,-0.0071,
84.6050,2.0667,-0.4043,9.2045,,-0.0118,
84.7248,2.0496,-0.3995,8.9953,-0.0851,-0.0113,
84.8447,2.1262,-0.3759,9.0369,-0.0816,-0.0085,
84.9645,2.1631,-0.5225,9.2128,-0.0780,-0.0057,
85.0844,2.1190,-0.6198,9.2133,-0.0745,-0.0014,
85.2042,2.1111,-0.6170,9.1192,-0.0709,-0.0112,
85.3240,2.1176,-0.4673,9.2057,-0.0709,-0.0248,
85.4439,2.1454,-0.6097,9.2872,,-0.0097,
85.5637,2.1944,-0.5795,9.3867,,0.0000,
85.6835,2.1213,-0.5595,9.2580,,0.0000,
85.8034,1.9938,-0.5455,9.1539,,-0.0090,
85.9232,1.8894,-0.5719,9.2007,,-0.0061,0.0000
86.0430,1.8050,-0.6018,9.2044,,-0.0018,0.0000
86.1629,1.7040,-0.5647,9.1686,,-0.0090,0.0000
86.2827,1.6262,-0.5496,9.2058,,-0.0079,0.0000
86.4026,1.6029,-0.5534,9.2974,-0.0826,-0.0018,0.0000
86.5224,1.6647,-0.6089,9.4065,-0.0768,-0.0071,0.0000
86.6422,1.4725,-0.2388,9.5814,-0.0709,0.0085,0.0000
86.7621,1.7490,-0.5785,9.5537,-0.0709,0.0021,
86.8819,1.6819,-0.5270,9.3372,-0.0709,-0.0123,
87.0017,1.6640,-0.4959,9.2656,-0.0709,-0.0109,
87.1216,1.6509,-0.3737,9.2660,-0.0709,-0.0130,
87.2414,1.6805,-0.4683,9.2765,-0.0709,-0.0165,
87.3613,1.7513,-0.4911,9.3152,-0.0762,-0.0118,
87.4811,1.7017,-0.5198,9.3099,-0.0815,-0.0071,
87.6009,1.6669,-0.4397,9.2959,-0.0868,0.0000,
87.7208,1.7307,-0.3951,9.2000,-0.0921,0.0000,
87.8406,1.6636,-0.4297,9.0687,-0.0992,-0.0165,0.0000
87.9604,1.6282,-0.5340,8.9660,-0.0964,-0.0248,
88.0803,1.7484,-0.5417,9.0764,-0.0935,-0.0227,
88.2001,1.8063,-0.5207,9.2143,-0.0927,-0.0134,
88.3200,1.8302,-0.6105,9.2502,-0.0918,-0.0146,
88.4398,1.9049,-0.7122,9.3065,-0.0909,-0.0165,0.0000
88.5596,2.0045,-0.5894,9.3337,-0.0709,-0.0134,
88.6795,2.0508,-0.7189,9.1956,-0.0768,-0.0146,
88.7993,2.1411,-0.6488,9.1215,-0.0826,-0.0165,
88.9191,2.1653,-0.6529,9.2567,-0.0945,-0.0146,
89.0390,2.2076,-0.7438,9.4171,-0.0992,-0.0071,
89.1588,2.2616,-0.6748,9.3710,-0.0826,-0.0161,
89.2787,2.2777,-0.5990,9.1966,-0.0826,-0.0150,
89.3985,2.2980,-0.6224,9.2675,-0.0807,-0.0071,
89.5183,2.2814,-0.7484,9.3281,-0.0787,0.0000,
89.6382,2.1921,-0.7484,9.1720,,-0.0106,
89.7580,2.1323,-0.7570,9.0083,,-0.0198,
89.8778,2.1570,-0.7752,9.0694,,-0.0198,
89.9977,2.2033,-0.7934,9.2665,,-0.0165,
90.1175,2.2314,-0.8512,9.2934,-0.0826,-0.0165,
90.2373,2.2645,-0.9938,9.3306,-0.0868,-0.0165,
90.3572,2.1915,-1.0589,9.2218,-0.0909,-0.0165,
90.4770,1.4008,-1.1240,9.0165,-0.0950,-0.0165,0.0165
90.5969,2.1471,-1.3843,9.0017,-0.0992,-0.0165,0.0248
90.7167,1.4091,-1.6893,8.9917,-0.0950,-0.0165,0.0562
90.8365,0.4727,-2.1116,8.8579,-0.0909,-0.0198,0.0661
90.9564,2.0930,-2.2645,8.9785,-0.0785,-0.0198,0.0661
91.0762,2.0372,-2.1694,9.1860,-0.0661,-0.0198,0.0551
91.1960,1.9270,-1.9807,9.1570,-0.0579,-0.0198,0.0496
91.3159,1.3554,-1.7851,9.2438,-0.0496,-0.0248,0.0496
91.4357,2.2039,-1.5372,9.4077,-0.0496,-0.0165,0.0331
91.5556,2.3581,-1.2496,9.3526,-0.0496,-0.0165,0.0248
91.6754,2.0427,-1.0165,9.2672,-0.0661,-0.0165,0.0165
91.7952,2.5140,-0.8066,9.2658,-0.0661,-0.0165,
91.9151,2.5021,-0.6752,9.0926,-0.0661,-0.0215,
92.0349,2.5438,-0.5438,8.9525,-0.0909,-0.0248,
92.1547,2.5914,-0.3347,8.9673,-0.0780,-0.0248,
92.2746,2.6699,-0.3554,9.1519,-0.0661,-0.0201,
92.3944,2.7676,-0.4132,9.2972,,-0.0071,
92.5143,2.7613,-0.4291,9.2149,,-0.0196,
92.6341,2.7860,-0.4170,9.1362,,-0.0230,
92.7539,2.8099,-0.4048,9.0993,,-0.0142,
92.8738,2.8347,-0.3121,9.0746,-0.0768,-0.0159,
92.9936,2.8444,-0.1570,9.0406,-0.0826,-0.0227,
93.1134,2.8612,-0.1672,9.1086,-0.0826,-0.0142,-0.0284
93.2333,2.8406,-0.2221,9.1467,-0.0826,-0.0139,-0.0284
93.3531,2.7780,-0.2591,8.9845,,-0.0213,-0.0284
93.4729,2.8020,-0.2962,8.9976,,-0.0142,-0.0284
93.5928,2.7945,-0.2473,9.1301,,-0.0071,
93.7126,2.7347,-0.2185,9.1073,,-0.0156,
93.8325,2.7277,-0.2562,9.0447,,-0.0142,
93.9523,2.7543,-0.1565,9.1228,,-0.0071,
94.0721,2.7371,-0.0567,9.1459,-0.0709,-0.0133,
94.1920,2.7294,-0.1453,9.0685,-0.0709,-0.0195,
94.3118,2.8184,-0.2339,9.0853,-0.0709,-0.0142,
94.4316,1.9112,-0.1531,9.1819,-0.0709,0.0005,-0.0331
94.5515,2.7712,-0.2935,9.2497,-0.0826,0.0071,-0.0331
94.6713,2.7150,-0.3183,9.0577,-0.0797,-0.0183,
94.7912,2.8110,-0.2955,9.0327,-0.0768,-0.0248,
94.9110,2.9820,-0.4113,9.0586,-0.0739,-0.0184,
95.0308,3.1413,-0.3961,9.0602,-0.0709,-0.0184,
95.1507,3.2039,-0.3809,9.0497,-0.0826,-0.0184,
95.2705,3.2831,-0.4052,8.9626,-0.0874,-0.0142,
95.3903,3.3690,-0.4758,8.9218,-0.0921,-0.0140,
95.5102,3.4147,-0.5217,8.8933,-0.0851,-0.0177,
95.6300,3.4057,-0.5776,8.9793,-0.0875,-0.0059,
95.7499,3.4434,-0.6782,9.0008,-0.0898,-0.0142,
95.8697,3.5374,-0.7398,8.7568,-0.0862,-0.0248,
95.9895,3.7015,-0.8014,8.7917,-0.0826,-0.0118,
96.1094,3.8445,-0.8901,9.0028,-0.0839,-0.0071,
96.2292,3.8848,-0.8842,9.0516,-0.0851,-0.0087,
96.3490,3.9069,-0.9320,8.9839,-0.0851,-0.0098,
96.4689,3.9927,-0.9645,8.8206,,-0.0087,
96.5887,4.1308,-0.9294,8.8537,,-0.0085,
96.7086,4.1145,-0.8944,8.8934,,-0.0071,
96.8284,4.0745,-0.8652,8.9504,,-0.0071,
96.9482,4.0709,-0.6099,8.9404,-0.0709,-0.0085,
97.0681,4.0496,-0.9309,8.9539,-0.0709,-0.0078,
97.1879,4.0610,-0.0567,9.0378,-0.0709,-0.0071,
97.3077,4.0296,-0.7057,8.9492,-0.0709,-0.0071,
97.4276,3.9982,-0.9267,8.9799,-0.0709,-0.0071,
97.5474,4.0397,-0.9876,8.9314,-0.0709,-0.0053,
97.6672,4.1099,-0.9882,8.8298,-0.0709,0.0000,
97.7871,4.0875,-0.9953,8.8499,-0.0709,-0.0047,
97.9069,4.0638,-0.9858,8.8525,-0.0709,-0.0060,
98.0268,4.0780,-0.9149,8.8624,-0.0709,-0.0072,
98.1466,4.0482,-0.8635,8.8209,-0.0709,-0.0085,
98.2664,3.9811,-0.7979,8.9090,-0.0709,-0.0071,
98.3863,3.9303,-0.8014,8.9858,-0.0757,-0.0071,
98.5061,3.9362,-0.7837,8.7589,-0.0804,-0.0071,
98.6259,4.0355,-0.8156,8.7447,-0.0851,-0.0076,
98.7458,4.1785,-0.8255,8.7943,-0.0993,-0.0080,
98.8656,4.1262,-0.8567,8.7532,-0.0922,-0.0085,
98.9855,4.0426,-0.9220,8.8908,-0.0851,-0.0071,
99.1053,4.0780,-0.9291,8.9102,-0.0851,-0.0083,
99.2251,4.0638,-0.9385,8.8085,-0.0851,-0.0071,
99.3450,4.0426,-0.9191,8.8960,-0.0851,-0.0018,
99.4648,3.9799,-0.9433,8.8806,,-0.0018,
99.5846,3.8014,-0.8723,8.8121,,-0.0018,
99.7045,3.8251,-0.8582,9.0177,,-0.0018,
99.8243,3.7773,-0.8369,9.0326,,-0.0024,
99.9442,3.6014,-0.8298,8.8596,,0.0000,
100.0640,3.6723,-0.8582,8.8936,,-0.0071,
100.1838,3.7187,-0.8511,8.9232,,-0.0083,
100.3037,3.0213,-0.9125,8.8712,,-0.0284,0.0000
100.4235,3.1395,-0.6950,8.9397,-0.0709,-0.0284,0.0000
100.5433,3.9078,-0.8274,9.1017,-0.0709,-0.0071,
100.6632,3.7884,-0.7778,8.9184,-0.0993,0.0142,
100.7830,3.6578,-0.9092,8.7553,-0.0922,0.0142,
100.9029,3.7163,-0.9716,8.8482,-0.0709,-0.0053,
101.0227,3.7695,-0.8865,8.9858,-0.0709,,
101.1425,3.7340,-0.7872,9.0638,-0.0780,,
101.2624,3.6939,-0.7766,8.9693,-0.0851,,
101.3822,3.7612,-0.9574,8.8652,-0.0851,,
101.5020,3.8582,-0.9716,8.9149,,,
101.6219,3.7957,-0.8558,8.8924,,-0.0071,
101.7417,3.6891,-0.8652,8.8936,,-0.0059,
101.8615,3.6028,-0.8652,8.9617,,-0.0085,
101.9814,3.5291,-0.8392,8.9752,,-0.0142,
102.1012,3.4894,-0.8487,9.0035,,-0.0113,
102.2211,3.4894,-0.7896,8.9882,,-0.0085,
102.3409,3.4350,-0.7778,8.9480,,-0.0071,
102.4607,3.3203,-0.7801,9.0083,,-0.0071,
102.5806,3.1773,-0.7400,9.0355,,-0.0071,
102.7004,3.0473,-0.6879,9.0414,,-0.0071,
102.8202,2.9830,-0.6596,9.0473,,-0.0071,
102.9401,2.9220,-0.6809,9.0638,,-0.0071,
103.0599,2.8156,-0.6738,9.0727,,-0.0071,
103.1798,2.7021,-0.6028,9.1064,,-0.0071,
103.2996,2.6142,-0.5688,9.1336,,-0.0071,
103.4194,2.5095,-0.5319,9.1336,,-0.0071,
103.5393,2.4527,-0.5461,9.1643,,-0.0071,
103.6591,2.4031,-0.5248,9.1702,,-0.0071,
103.7789,2.3972,-0.4799,9.1927,,-0.0071,
103.8988,2.3745,-0.4539,9.1915,,-0.0071,
104.0186,2.3209,-0.5106,9.1745,,-0.0071,
104.1385,2.2979,-0.5130,9.1915,,-0.0071,
104.2583,2.1986,-0.4572,9.1915,,-0.0071,
104.3781,2.0922,-0.4014,9.2227,,-0.0071,
104.4980,1.9716,-0.3806,9.2482,,-0.0071,
104.6178,1.8995,-0.3452,9.2801,,-0.0071,
104.7376,1.8310,-0.3499,9.2754,,-0.0071,
104.8575,1.8014,-0.3428,9.2908,,-0.0071,
104.9773,1.7713,-0.3333,9.2908,,-0.0071,
105.0971,1.7695,-0.3333,9.2787,,-0.0085,
105.2170,1.7684,-0.3511,9.2824,,-0.0165,
105.3368,1.7467,-0.3163,9.2635,,-0.0087,
105.4567,1.7532,-0.3369,9.3042,,-0.0071,
105.5765,1.7302,-0.3368,9.3023,,-0.0071,
105.6963,1.7163,-0.3227,9.2753,,-0.0089,
105.8162,1.7163,-0.3191,9.2720,,-0.0087,
105.9360,1.7253,-0.3184,9.2952,,-0.0071,
106.0558,1.7528,-0.3475,9.3108,,-0.0104,
106.1757,1.7486,-0.3546,9.2790,,-0.0106,
106.2955,1.6568,-0.2979,9.2788,,-0.0094,
106.4154,1.4729,-0.2442,9.3133,,-0.0094,
106.5352,1.2782,-0.1560,9.3631,,-0.0094,
106.6550,1.1337,-0.1536,9.3940,,-0.0094,
106.7749,1.0599,-0.2097,9.4365,-0.0826,-0.0038,
106.8947,1.0116,-0.2331,9.4340,,-0.0047,
107.0145,1.0000,-0.1986,9.3828,,-0.0047,0.0142
107.1344,0.9139,-0.2340,9.3828,,-0.0161,0.0118
107.2542,1.3921,-0.3033,9.3655,,-0.0148,0.0169
107.3741,1.4010,-0.4628,9.2840,-0.0826,-0.0148,0.0232
107.4939,1.8731,-0.5967,9.2143,-0.0768,-0.0156,0.0268
107.6137,1.9971,-0.6131,9.2317,-0.0709,-0.0148,0.0359
107.7336,1.3250,-0.6015,9.2568,,-0.0114,0.0492
107.8534,1.5027,-0.6305,9.2156,,-0.0094,0.0377
107.9732,1.2373,-0.6312,9.2087,,-0.0165,0.0642
108.0931,1.4358,-0.6235,9.2481,,-0.0150,0.0843
108.2129,1.7462,-0.6363,9.3012,,-0.0122,0.0817
108.3328,1.7181,-0.6491,9.2906,,-0.0113,0.0993
108.4526,1.1534,-0.6969,9.2251,,-0.0169,0.1015
108.5724,1.6833,-0.7297,9.2524,-0.0708,-0.0122,0.1211
108.6923,0.8935,-0.7892,9.2912,-0.0672,-0.0113,0.1227
108.8121,1.4012,-0.8516,9.2836,-0.0637,-0.0169,0.1452
108.9319,1.3309,-0.9241,9.2410,-0.0602,-0.0160,0.1581
109.0518,1.5877,-1.0162,9.2415,-0.0566,-0.0175,0.1698
109.1716,0.8659,-1.0819,9.3000,-0.0472,-0.0154,0.2091
109.2914,1.1829,-1.1070,9.2781,-0.0378,-0.0146,0.2327
109.4113,1.0611,-1.1415,9.2716,-0.0284,-0.0126,0.2685
109.5311,0.6698,-1.2005,9.4227,-0.0284,0.0000,0.2866
109.6510,0.4751,-1.3493,9.4566,-0.0266,,0.3290
109.7708,0.6730,-0.9937,9.4117,-0.0248,,0.3557
109.8906,0.9490,-1.5207,9.4211,-0.0260,,0.3774
110.0105,0.7351,-1.5047,9.4528,-0.0271,,0.3870
110.1303,0.8244,-1.4419,9.2948,-0.0283,,0.4105
110.2501,0.5022,-1.5146,9.2607,-0.0220,,0.4364
110.3700,0.2711,-0.4469,9.4704,-0.0189,,0.4548
110.4898,0.1557,-1.8082,9.4767,-0.0236,,0.4640
110.6097,0.2713,-1.8192,9.4374,,,0.4732
110.7295,0.3491,-1.7546,9.3635,,,0.4730
110.8493,0.3680,-1.7925,9.3281,,,0.4624
110.9692,0.2642,-1.9151,9.3736,,,0.4528
111.0890,0.2547,-1.7406,9.4660,,,0.4396
111.2088,0.3538,-1.7818,9.4623,-0.0314,,0.4264
111.3287,0.4623,-1.8231,9.4041,-0.0330,,0.3962
111.4485,0.4811,-1.2453,9.4151,-0.0330,,0.3774
111.5684,0.3286,-1.8113,9.4607,-0.0307,,0.3774
111.6882,0.3113,-1.7233,9.6132,-0.0283,-0.0189,0.3648
111.8080,0.2091,-1.7264,9.6453,-0.0283,-0.0189,0.3491
111.9279,0.1447,-1.6585,9.5264,-0.0354,-0.0126,0.3094
112.0477,0.0802,-1.3019,9.4434,-0.0425,-0.0063,0.2755
112.1675,-0.0330,-1.1014,9.5655,-0.0495,0.0000,0.2516
112.2874,0.0623,-1.0604,9.7867,-0.0566,-0.0126,0.2271
112.4072,0.2341,-0.8333,9.6957,-0.0331,-0.0165,0.1660
112.5271,0.2518,-0.4881,9.4191,-0.0594,-0.0377,0.1354
112.6469,0.3435,-0.3666,9.3464,-0.0682,-0.0165,0.1095
112.7667,0.3593,-0.3932,9.4445,-0.0769,-0.0165,0.0840
112.8866,0.4024,-0.4198,9.5268,-0.0856,-0.0165,0.0566
113.0064,0.1228,-0.4906,9.4611,-0.0943,-0.0165,0.0585
113.1262,0.3657,-0.5893,9.3355,-0.0943,-0.0181,0.0598
113.2461,0.3744,-0.6606,9.4265,-0.0885,-0.0189,0.0598
113.3659,0.1904,-0.6604,9.4173,-0.0826,-0.0181,0.0598
113.4857,0.1161,-0.6415,9.3498,-0.0826,-0.0165,0.0598
113.6056,0.2792,-0.6744,9.4445,-0.0826,-0.0165,0.0598
113.7254,0.2351,-0.6499,9.4634,-0.0826,-0.0181,0.0519
113.8453,0.6135,-0.6129,9.4906,-0.0755,0.0000,0.0425
113.9651,0.5264,-0.5078,9.3580,-0.0731,-0.0063,0.0377
114.0849,0.7503,-0.4406,9.3329,-0.0708,-0.0293,0.0377
114.2048,1.1581,-0.6694,9.4272,-0.0685,-0.0331,0.0189
114.3246,1.4016,-0.8061,9.3365,-0.0661,-0.0094,0.0342
114.4444,1.4812,-0.9230,9.2488,-0.0826,0.0187,0.0294
114.5643,1.7107,-0.7503,9.2944,-0.0661,-0.0297,0.0245
114.6841,1.3196,-0.7484,9.3102,-0.0992,-0.0599,0.0169
114.8040,2.1213,-0.6501,9.2696,-0.0614,-0.0238,0.0000
114.9238,2.1914,-0.0527,9.5036,-0.1132,0.0301,-0.0175
115.0436,1.6909,-0.1898,9.5684,-0.0979,0.0248,-0.0271
115.1635,2.1497,-0.3919,9.3360,-0.0826,-0.0408,-0.0316
115.2833,2.1670,-0.1303,9.1192,-0.0743,-0.0404,-0.0360
115.4031,2.1054,-0.1664,8.9237,-0.0873,-0.0399,-0.0404
115.5230,2.2148,-0.2026,9.0660,-0.0968,-0.0173,-0.0448
115.6428,1.3869,-0.2387,9.2223,-0.0992,-0.0220,-0.0531
115.7627,2.3031,-0.2547,9.1296,-0.1074,-0.0208,-0.0331
115.8825,2.3659,-0.2294,9.2287,-0.0909,-0.0170,-0.0313
116.0023,2.3470,-0.1575,9.5557,-0.0744,0.0104,-0.0295
116.1222,1.8344,-0.3533,9.7348,-0.0909,0.0307,-0.0218
116.2420,1.3418,-0.4959,9.6766,-0.0716,0.0302,-0.0165
116.3618,1.1769,-0.1430,9.4506,-0.0721,0.0118,
116.4817,1.0579,-0.2435,9.3041,-0.0726,-0.0144,
116.6015,0.9981,-0.1684,9.3313,-0.0943,-0.0248,
116.7213,1.0454,-0.1791,9.3962,-0.0992,-0.0331,
116.8412,1.0575,-0.3706,9.4529,-0.0992,-0.0260,
116.9610,1.0744,-0.3664,9.4066,-0.0826,-0.0033,
117.0809,1.2083,-0.3970,9.4942,-0.0661,0.0000,
117.2007,1.1405,-0.4277,9.5661,-0.0744,0.0000,
117.3205,1.0397,-0.3182,9.4972,-0.0826,0.0000,
117.4404,1.0744,-0.4033,9.4325,-0.0661,-0.0041,
117.5602,1.2121,-0.2342,9.0950,-0.0826,-0.0083,
117.6800,1.4174,-0.3140,9.1185,-0.0826,-0.0386,0.0000
117.7999,1.3678,-0.6074,9.3168,-0.0826,-0.0358,0.0000
117.9197,1.4116,-0.4738,9.3025,-0.0826,-0.0055,
118.0396,1.5405,-0.5636,9.1157,-0.0826,0.0000,
118.1594,1.4843,-0.7107,9.0730,-0.0744,-0.0069,
118.2792,1.3691,-0.5537,9.3240,-0.0813,-0.0083,
118.3991,1.2413,-0.5069,9.1446,-0.0882,-0.0083,
118.5189,1.3760,-0.4601,9.2727,-0.1074,-0.0331,0.0000
118.6387,1.6956,-0.4353,9.4545,-0.1074,-0.0149,0.0000
118.7586,1.7339,-0.5488,9.6033,-0.1157,0.0303,0.0000
118.8784,0.9372,-0.6860,9.7289,-0.0983,0.0331,0.0000
118.9983,1.5207,-0.6336,9.5157,-0.0808,-0.0165,-0.0083
119.1181,1.2879,-0.7058,9.3361,-0.0634,-0.0289,-0.0165
119.2379,1.5785,-0.4876,9.2080,-0.0372,-0.0152,-0.0165
119.3578,1.5372,-0.2521,9.1997,-0.0826,-0.0231,-0.0165
119.4776,1.5799,-0.3595,9.2521,-0.0826,-0.0331,-0.0165
119.5974,1.7256,-0.2879,9.2438,-0.0826,-0.0179,-0.0165
119.7173,1.5923,-0.4435,9.3140,-0.0992,0.0165,-0.0165
119.8371,1.3223,-0.6364,9.2383,-0.0992,-0.0017,-0.0165
119.9570,1.6909,-0.4512,9.2826,-0.0992,-0.0165,
120.0768,1.6674,-0.4132,9.2975,-0.0992,-0.0165,
120.1966,1.6942,-0.5124,9.3196,-0.0992,-0.0124,
120.3165,1.6873,-0.6185,9.1983,-0.0992,-0.0124,
120.4363,1.6054,-0.7107,9.1708,-0.0716,-0.0264,-0.0165
120.5561,1.5868,-0.6364,9.3499,-0.0725,-0.0331,-0.0165
120.6760,1.5256,-0.3981,9.2287,-0.0735,-0.0145,-0.0124
120.7958,1.4397,-0.2934,9.3209,-0.0744,-0.0050,-0.0083
120.9156,1.3802,-0.3251,9.3736,-0.0909,-0.0083,-0.0041
121.0355,1.0959,-0.2121,9.1901,-0.1074,-0.0331,0.0000
121.1553,1.3256,-0.3438,9.2769,-0.1157,-0.0198,0.0000
121.2752,1.3485,-0.5744,9.5744,-0.0826,0.0248,-0.0083
121.3950,0.7259,-0.5847,9.7397,-0.0606,0.0331,-0.0165
121.5148,1.4876,-0.5455,9.5193,-0.0652,0.0021,-0.0165
121.6347,1.2948,-0.2992,8.9986,-0.0698,-0.0165,-0.0165
121.7545,1.7107,-0.0992,9.1529,-0.0744,-0.0496,-0.0083
121.8743,1.8810,-0.1917,9.1669,-0.1240,-0.0331,0.0000
121.9942,2.0103,-0.4992,9.5603,-0.1157,-0.0066,0.0000
122.1140,1.6298,-0.8595,9.8744,-0.0579,0.0198,0.0000
122.2339,1.2000,-0.7785,9.6667,-0.0331,0.0227,-0.0165
122.3537,2.0661,-0.3702,9.3526,-0.0372,-0.0165,-0.0165
122.4735,1.2645,-0.2252,8.7879,-0.0909,-0.0661,-0.0165
122.5934,2.1584,-0.4256,8.8127,-0.0950,-0.0347,0.0000
122.7132,1.7950,-0.5014,9.3388,-0.0992,0.0099,0.0000
122.8330,2.2459,-0.4711,9.4063,-0.0826,0.0165,
122.9529,2.3207,-0.4959,9.3041,-0.1074,-0.0066,
123.0727,2.2066,-0.8264,9.1868,-0.0909,-0.0033,
123.1926,1.9752,-0.8132,9.0512,-0.0909,0.0110,
123.3124,1.8416,-0.6804,9.1088,-0.0992,-0.0096,0.0165
123.4322,1.7983,-0.8942,8.9187,-0.0826,-0.0496,0.0165
123.5521,1.8645,-0.8603,8.9421,-0.0826,-0.0413,0.0165
123.6719,2.0592,-0.8264,9.4353,-0.0661,-0.0017,0.0165
123.7917,2.0959,-0.7328,9.5303,-0.0689,0.0248,0.0000
123.9116,1.9554,-0.5702,9.6017,-0.0716,0.0231,0.0000
124.0314,1.8397,-0.4793,9.4198,-0.0702,-0.0050,
124.1513,1.9091,-0.5157,9.0612,-0.0702,-0.0331,
124.2711,2.0344,-0.5110,9.0719,-0.0909,-0.0165,
124.3909,1.9917,-0.4893,9.0826,-0.0826,-0.0083,
124.5108,1.9353,-0.5758,9.2314,-0.0826,-0.0083,
124.6306,1.8826,-0.5592,9.2314,-0.0826,-0.0215,-0.0165
124.7504,1.2287,-0.4731,8.9157,-0.1157,-0.0331,-0.0165
124.8703,1.8843,-0.4649,9.0826,-0.1047,-0.0083,-0.0165
124.9901,1.9070,-0.5702,9.3306,-0.0946,0.0041,-0.0165
125.1099,1.8760,-0.5372,9.1901,-0.0845,0.0165,-0.0165
125.2298,1.9107,-0.7107,9.2961,-0.0744,-0.0110,-0.0165
125.3496,1.9380,-0.6901,9.1584,-0.0331,-0.0124,-0.0165
125.4695,1.9306,-0.4855,9.1970,-0.0771,-0.0083,
125.5893,1.9587,-0.4783,9.2893,-0.0826,-0.0083,
125.7091,1.9537,-0.4711,9.1736,-0.0909,-0.0083,
125.8290,1.8196,-0.5207,8.9587,-0.0992,0.0000,
125.9488,1.7950,-0.6667,9.0380,-0.0992,-0.0124,
126.0686,1.8981,-0.7713,9.2410,-0.0744,-0.0207,
126.1885,1.9298,-0.7149,9.3623,-0.0579,-0.0083,
126.3083,1.9471,-0.5275,9.5083,-0.0413,-0.0165,
126.4282,1.9669,-0.3554,9.4793,-0.0413,-0.0124,
126.5480,1.9229,-0.2810,9.2658,-0.0744,-0.0083,
126.6678,1.8946,-0.3526,9.2259,-0.1074,-0.0331,0.0000
126.7877,2.0152,-0.4711,9.3802,-0.1157,-0.0331,0.0000
126.9075,1.9752,-0.5041,9.1802,-0.0992,-0.0041,
127.0273,1.9488,-0.6970,9.3537,-0.0744,-0.0083,
127.1472,1.9573,-0.6661,9.4298,-0.0744,-0.0083,
127.2670,1.8884,-0.5207,9.1074,-0.0744,-0.0165,
127.3869,0.9366,-0.4959,9.1832,-0.0744,-0.0496,0.0000
127.5067,1.8711,-0.4683,9.2135,-0.0826,-0.0372,0.0000
127.6265,1.9306,-0.4525,9.2259,-0.0826,-0.0041,
127.7464,1.9256,-0.5372,9.1956,-0.0826,0.0000,
127.8662,1.8562,-0.6219,9.1818,-0.0826,-0.0033,
127.9860,1.8760,-0.4628,9.1008,,-0.0099,
128.1059,1.8554,-0.3636,8.9366,,0.0000,
128.2257,1.7488,-0.4669,8.8320,,0.0000,
128.3455,1.7287,-0.5434,9.0854,,-0.0083,
128.4654,1.8168,-0.5399,9.3581,-0.0992,-0.0041,
128.5852,1.7176,-0.4917,9.2700,-0.0992,-0.0041,
128.7051,1.6997,-0.4661,9.2355,,-0.0165,
128.8249,1.7537,-0.3581,8.9107,,-0.0331,
128.9447,1.8017,-0.4793,8.9124,,-0.0083,
129.0646,1.8347,-0.5008,9.0975,,-0.0083,
129.1844,1.8533,-0.5592,9.1474,,-0.0165,
129.3042,1.9421,-0.6364,9.3085,-0.0744,-0.0165,
129.4241,1.8705,-0.4050,9.4242,-0.0537,0.0231,-0.0165
129.5439,1.7066,-0.3471,9.4656,-0.0331,0.0062,-0.0165
129.6638,1.4697,-0.2479,9.0785,-0.0702,-0.0496,-0.0165
129.7836,1.9518,-0.2755,8.8044,-0.0702,-0.0397,-0.0165
129.9034,2.2121,-0.4050,9.6460,-0.0744,0.0207,0.0000
130.0233,1.3669,-0.5620,10.1686,-0.0661,0.0702,0.0000
130.1431,1.9876,-0.4814,10.0275,-0.0771,0.0455,-0.0055
130.2629,1.7256,-0.4917,9.3595,-0.0992,-0.0145,-0.0110
130.3828,1.4174,-0.6397,8.8099,-0.0744,-0.0364,-0.0165
130.5026,1.7617,-0.6777,9.0055,-0.0771,-0.0455,-0.0165
130.6225,1.8347,-0.4435,9.2438,-0.0799,-0.0186,-0.0165
130.7423,1.8843,-0.2493,9.4311,-0.0826,0.0165,-0.0110
130.8621,1.8165,-0.2711,9.2529,-0.0992,-0.0062,-0.0055
130.9820,1.6915,-0.4897,8.8843,-0.1157,-0.0479,0.0000
131.1018,1.6860,-0.5702,8.6901,-0.1074,-0.0661,0.0000
131.2216,1.6860,-0.5179,8.8444,-0.1074,-0.0413,0.0000
131.3415,1.6959,-0.4463,9.2796,-0.1074,-0.0033,0.0000
131.4613,1.7355,-0.4380,9.5000,-0.1074,0.0165,0.0000
131.5812,1.6377,-0.4174,9.3678,-0.1074,0.0132,0.0000
131.7010,1.5895,-0.3388,9.3471,-0.1157,-0.0062,
131.8208,1.6496,-0.3504,9.1554,-0.1157,-0.0331,
131.9407,1.5636,-0.5223,9.0231,-0.1102,-0.0331,
132.0605,1.4793,-0.5884,9.2430,-0.0992,0.0000,
132.1803,1.5110,-0.5165,9.5138,-0.0992,0.0331,
132.3002,1.1719,-0.5620,9.7355,-0.0826,0.0145,-0.0165
132.4200,1.3967,-0.5620,9.4601,-0.0826,-0.0231,
132.5398,1.4587,-0.6515,9.1598,-0.0826,-0.0331,
132.6597,1.5372,-0.5813,9.3499,-0.0826,-0.0021,
132.7795,1.3430,-0.4876,9.3333,,0.0165,
132.8994,1.2033,-0.6095,9.3785,,0.0165,
133.0192,1.2231,-0.6942,9.6331,,-0.0017,
133.1390,1.0730,-0.6529,9.4270,,-0.0083,
133.2589,1.0372,-0.6281,9.2466,-0.0826,-0.0138,
133.3787,1.2176,-0.6347,9.3085,-0.0702,-0.0083,
133.4985,1.2562,-0.6198,9.2769,-0.0744,-0.0099,
133.6184,1.2424,-0.5730,9.2700,-0.0826,-0.0331,0.0000
133.7382,1.2576,-0.6116,9.0179,-0.0716,-0.0207,0.0000
133.8581,1.3769,-0.6116,9.2264,-0.0730,0.0041,0.0000
133.9779,1.0269,-0.5331,9.6529,-0.0744,0.0132,0.0000
134.0977,1.2512,-0.6371,9.3868,-0.0716,-0.0055,
134.2176,1.2331,-0.7410,9.1901,-0.0702,-0.0331,
134.3374,1.2545,-0.7686,9.2824,-0.0744,-0.0165,
134.4572,1.2879,-0.6694,9.3815,-0.0744,-0.0099,
134.5771,1.4033,-0.5653,9.2369,-0.0744,-0.0099,
134.6969,1.3402,-0.5510,9.1639,-0.0992,-0.0231,0.0165
134.8168,1.4077,-0.7603,9.0523,-0.0992,-0.0331,0.0055
134.9366,1.5851,-0.7975,9.1537,-0.0847,-0.0248,0.0000
135.0564,1.6674,-0.6942,9.5074,-0.0702,-0.0017,
135.1763,1.6628,-0.6157,9.5427,-0.0694,-0.0083,
135.2961,1.6231,-0.5820,9.4959,-0.0826,-0.0083,
135.4159,1.5620,-0.5482,9.4256,,-0.0083,
135.5358,1.4752,-0.4353,9.2782,,-0.0083,
135.6556,1.4463,-0.5386,9.1917,,-0.0331,
135.7755,1.5647,-0.6446,9.0810,,-0.0331,
135.8953,1.5806,-0.6391,8.8959,,-0.0248,
136.0151,1.6231,-0.6612,9.1702,,-0.0116,
136.1350,1.7438,-0.7190,9.4986,-0.0744,0.0132,
136.2548,1.6460,-0.6777,9.5399,-0.0744,0.0331,
136.3746,1.6556,-0.4738,9.3595,-0.0744,-0.0099,
136.4945,1.7466,-0.3835,8.8499,-0.0702,-0.0496,
136.6143,1.8471,-0.6915,9.2328,-0.0707,-0.0033,
136.7341,2.0496,-0.6006,9.8416,-0.0712,0.0041,
136.8540,2.1818,-0.5909,9.5835,-0.0716,-0.0207,
136.9738,2.2132,-0.7025,9.1983,-0.0826,-0.0269,0.0000
137.0937,2.0975,-0.8733,9.1515,-0.0727,-0.0083,
137.2135,2.0496,-0.7603,9.0826,-0.0694,-0.0145,
137.3333,2.1171,-0.5421,8.9421,-0.0826,-0.0331,
137.4532,2.1603,-0.5475,9.0358,-0.0702,-0.0264,
137.5730,2.1223,-0.4917,9.2135,-0.0727,-0.0152,
137.6928,2.1364,-0.5840,9.3361,-0.0716,-0.0124,
137.8127,2.2438,-0.5344,9.2893,-0.0730,-0.0041,
137.9325,2.3025,-0.4669,9.2645,-0.0744,-0.0124,
138.0524,2.2541,-0.4353,9.2893,-0.0661,-0.0165,
138.1722,2.2066,-0.3691,9.2631,-0.0744,-0.0062,
138.2920,2.0799,-0.3278,9.1226,-0.0826,-0.0186,
138.4119,2.0689,-0.4601,8.9614,-0.0790,-0.0331,
138.5317,2.2149,-0.6088,8.8719,-0.0753,-0.0207,
138.6515,2.1157,-0.5565,8.8939,-0.0716,-0.0083,
138.7714,2.1058,-0.4793,9.0110,-0.0744,-0.0207,
138.8912,2.2438,-0.4711,9.0628,-0.0771,-0.0331,
139.0111,2.3140,-0.3967,9.3240,-0.0799,-0.0083,
139.1309,2.3357,-0.4408,9.5184,-0.0826,0.0083,
139.2507,2.2418,-0.5083,9.3557,-0.0813,-0.0062,
139.3706,2.0913,-0.5758,8.9588,-0.0800,-0.0286,
139.4904,2.0567,-0.5995,8.8651,-0.0786,-0.0496,-0.0189
139.6102,1.3321,-0.5066,8.7796,-0.0773,-0.0370,-0.0170
139.7301,2.1867,-0.4242,9.1470,-0.0826,-0.0283,-0.0085
139.8499,2.4061,-0.4414,9.6957,-0.0885,0.0094,0.0000
139.9697,1.4098,-0.6766,9.8907,-0.0943,0.0604,0.0000
140.0896,2.2018,-0.7061,9.9451,-0.1074,0.0562,-0.0189
140.2094,2.0476,-0.5849,9.0708,-0.0992,-0.0122,-0.0189
140.3293,2.0024,-0.6726,8.5392,-0.0968,-0.0437,-0.0189
140.4491,2.0956,-0.7868,9.0413,-0.0873,-0.0331,-0.0189
140.5689,2.1674,-0.7234,9.3047,-0.0814,-0.0179,-0.0189
140.6888,2.2603,-0.4431,9.4329,-0.0755,0.0083,-0.0189
140.8086,2.1117,-0.5236,9.1071,-0.0826,-0.0050,
140.9284,2.0069,-0.6088,8.4998,-0.0943,-0.0293,
141.0483,2.0826,-0.6777,8.6493,-0.0943,-0.0207,
141.1681,2.0666,-0.7988,9.2881,-0.0943,-0.0136,
141.2880,2.0960,-0.7366,9.3217,-0.0802,-0.0163,
141.4078,2.1501,-0.6519,9.2692,-0.0661,-0.0136,
141.5276,2.1488,-0.6684,9.1347,-0.0702,-0.0136,
141.6475,2.0495,-0.6321,9.0732,-0.0744,-0.0177,
141.7673,2.0494,-0.5468,9.1400,-0.0785,-0.0224,
141.8871,2.1569,-0.5283,8.8369,-0.0826,-0.0236,
142.0070,2.1649,-0.5254,8.7138,-0.0885,-0.0146,
142.1268,2.1195,-0.6446,9.1036,-0.0943,-0.0252,0.0000
142.2467,2.1648,-0.6471,9.1010,-0.0802,-0.0159,0.0000
142.3665,2.0776,-0.7935,8.9910,-0.0661,-0.0146,0.0000
142.4863,2.0329,-0.7395,9.0803,-0.0968,-0.0136,0.0000
142.6062,2.1577,-0.7283,8.9899,-0.0967,-0.0189,0.0000
142.7260,2.2753,-0.7803,9.2691,-0.1038,-0.0126,0.0000
142.8458,2.1736,-0.8943,9.3496,-0.1132,-0.0130,0.0000
142.9657,2.0628,-0.9654,9.1177,-0.1038,-0.0167,0.0000
143.0855,2.0469,-0.8855,9.3251,-0.0943,-0.0047,
143.2054,2.0312,-0.8056,9.4272,-0.0826,-0.0113,
143.3252,2.2200,-0.7943,9.1838,-0.0661,-0.0218,
143.4450,2.2308,-0.7830,9.1933,,-0.0171,
143.5649,2.0399,-0.7908,9.2441,,-0.0185,
143.6847,1.9764,-0.8490,9.1445,,-0.0171,
143.8045,2.0283,-0.8502,9.3199,,-0.0185,
143.9244,2.2755,-0.5660,9.6925,-0.0755,-0.0069,
144.0442,2.2717,-0.7472,9.5038,-0.0755,0.0047,-0.0189
144.1640,2.0047,-0.8302,8.9198,-0.0849,-0.0024,0.0189
144.2839,1.4906,-1.2484,8.7940,-0.0943,-0.0425,0.0226
144.4037,1.4009,-1.7783,8.9340,-0.0802,-0.0566,0.0377
144.5236,1.9984,-0.0755,9.3805,-0.0566,-0.0189,0.0535
144.6434,1.9670,-1.5346,9.3082,-0.0283,0.0094,0.0528
144.7632,1.1019,-0.5786,9.1478,-0.0236,0.0000,0.0151
144.8831,1.8094,-0.5849,8.7585,0.0071,-0.0755,-0.0113
145.0029,2.4086,-0.4340,8.9090,0.0377,-0.0995,-0.0377
145.1227,2.8632,-0.0072,9.6543,-0.0405,-0.0785,-0.0354
145.2426,1.2148,0.3433,10.1161,-0.0741,0.0238,-0.0330
145.3624,1.5730,0.2689,10.2466,-0.1078,0.0434,-0.0255
145.4823,2.1988,-0.0881,9.3684,-0.1415,-0.0042,-0.0181
145.6021,2.1097,-0.3491,9.1189,-0.1221,-0.0316,-0.0231
145.7219,2.2366,-0.2666,9.1323,-0.1069,-0.0311,-0.0281
145.8418,2.2586,-0.2021,9.0937,-0.1022,-0.0230,-0.0331
145.9616,2.2564,-0.1900,9.1675,-0.1038,-0.0212,-0.0331
146.0814,2.2343,-0.1427,9.0515,-0.0968,-0.0177,-0.0331
146.2013,2.2312,-0.0658,9.0774,-0.0901,-0.0330,-0.0496
146.3211,2.2596,-0.0847,8.9873,-0.1085,-0.0376,-0.0386
146.4410,2.3385,-0.3160,8.8477,-0.1065,-0.0165,-0.0275
146.5608,2.0702,-0.3770,9.0433,-0.1044,0.0222,-0.0165
146.6806,2.3225,-0.4481,9.3656,-0.1023,0.0260,-0.0165
146.8005,1.9771,-0.5632,9.3516,-0.1003,-0.0265,-0.0165
146.9203,1.9483,-0.5390,8.8429,-0.1132,-0.0505,-0.0172
147.0401,2.1015,-0.5146,8.6524,-0.1050,-0.0531,-0.0179
147.1600,2.0710,-0.5947,8.9698,-0.0968,-0.0260,-0.0165
147.2798,1.9703,-0.5413,9.3797,-0.0897,0.0000,-0.0171
147.3997,1.4913,-0.6261,9.4797,-0.0826,0.0083,-0.0177
147.5195,1.7467,-0.6916,9.3882,-0.0826,0.0041,
147.6393,1.5998,-0.6976,9.4519,-0.0826,0.0000,
147.7592,1.5021,-0.7593,9.3760,-0.0614,-0.0075,
147.8790,1.4596,-0.7015,9.2919,-0.0625,-0.0177,
147.9988,0.9699,-0.6976,9.1929,-0.0744,-0.0331,0.0000
148.1187,1.2719,-0.5325,9.1699,-0.0744,-0.0331,0.0000
148.2385,1.7364,-0.4638,9.4657,-0.0785,-0.0150,0.0000
148.3583,1.8631,-0.6446,9.5972,-0.0826,0.0130,-0.0063
148.4782,1.8824,-0.6792,9.5602,-0.0744,0.0165,-0.0189
148.5980,1.6621,-0.5956,9.3061,-0.0716,-0.0125,
148.7179,1.5462,-0.5922,9.1485,-0.0697,-0.0331,
148.8377,1.6959,-0.4494,9.0533,-0.0679,-0.0331,
148.9575,1.8326,-0.5785,8.9419,-0.0661,-0.0331,
149.0774,1.8678,-0.6178,9.0784,-0.0716,-0.0331,
149.1972,1.9500,-0.6551,9.3112,-0.0661,-0.0135,
149.3170,1.9984,-0.4340,9.3282,-0.0826,0.0148,0.0000
149.4369,1.9154,-0.6098,9.2205,-0.0976,-0.0020,0.0000
149.5567,2.0848,-0.7073,9.0730,-0.0898,-0.0331,
149.6766,2.2042,-0.6253,8.9620,-0.0821,-0.0295,
149.7964,2.0301,-0.5937,9.0328,-0.0744,-0.0155,
149.9162,2.0347,-0.5620,9.1835,-0.0702,-0.0116,
150.0361,2.0512,-0.5289,9.2624,-0.0826,-0.0083,
150.1559,2.0028,-0.5207,9.2741,-0.0826,-0.0083,
150.2757,2.0826,-0.5124,9.2893,-0.0727,-0.0062,
150.3956,2.0248,-0.5041,9.1887,-0.0716,-0.0083,
150.5154,1.9029,-0.4738,9.2052,-0.0992,-0.0083,
150.6353,1.8829,-0.5413,9.3072,-0.0909,-0.0083,
150.7551,1.7149,-0.6391,9.1835,-0.0702,-0.0083,
150.8749,1.6074,-0.6446,8.9339,-0.0744,-0.0331,
150.9948,1.6000,-0.5306,8.9653,-0.0702,-0.0364,
151.1146,1.7576,-0.5434,9.4909,-0.0661,0.0000,
151.2344,2.0675,-0.6446,9.9848,-0.0744,0.0496,
151.3543,2.0413,-0.6584,9.8981,-0.0826,0.0579,
151.4741,1.7658,-0.6556,9.4835,-0.0716,0.0099,
151.5939,1.6956,-0.6529,9.0565,-0.0744,-0.0386,
151.7138,1.8981,-0.6570,8.9614,-0.0744,-0.0331,
151.8336,2.0826,-0.6667,9.1763,-0.0496,-0.0083,
151.9535,2.0926,-0.6267,9.1289,-0.0620,-0.0124,
152.0733,2.1157,-0.5868,8.9554,-0.0744,-0.0496,
152.1931,2.1226,-0.4236,8.8512,-0.0702,-0.0496,
152.3130,2.0678,-0.3905,8.9945,-0.0579,-0.0165,
152.4328,2.1570,-0.4380,9.2066,-0.0702,-0.0083,
152.5526,2.1722,-0.5537,9.1377,-0.0826,-0.0145,
152.6725,2.2397,-0.5517,8.9904,-0.0785,-0.0331,0.0000
152.7923,2.2645,-0.5661,9.1736,-0.0744,-0.0028,
152.9122,2.2116,-0.5041,9.5091,-0.0730,0.0165,
153.0320,2.1839,-0.3691,9.3421,-0.0716,0.0041,
153.1518,2.3223,-0.4132,8.9697,-0.0826,-0.0138,
153.2717,2.4215,-0.5289,8.8871,-0.0771,-0.0083,
153.3915,2.3733,-0.6309,8.9697,-0.0716,-0.0347,0.0000
153.5113,1.4562,-0.5950,8.6143,-0.0661,-0.0401,0.0000
153.6312,2.5882,-0.6612,8.7094,-0.0744,-0.0455,0.0000
153.7510,2.6178,-0.6033,9.1091,-0.0716,-0.0083,0.0000
153.8709,2.0937,-0.5405,9.3504,-0.0744,0.0264,0.0000
153.9907,2.4066,-0.4835,9.5636,-0.1157,0.0231,0.0000
154.1105,2.3430,-0.6744,9.2066,-0.1074,-0.0055,0.0000
154.2304,2.4132,-0.6963,8.8810,-0.0826,-0.0331,0.0000
154.3502,2.5055,-0.6405,9.0028,-0.0716,-0.0165,0.0000
154.4700,2.4449,-0.4690,8.9752,-0.0909,0.0000,0.0000
154.5899,2.3934,-0.4826,9.1116,-0.0909,-0.0138,0.0000
154.7097,2.7796,-0.7665,9.1047,-0.0909,0.0033,0.0000
154.8296,2.6661,-0.8719,9.3402,-0.0909,0.0711,-0.0083
154.9494,1.3901,-0.7769,9.8595,-0.0744,0.0446,-0.0165
155.0692,2.5124,-0.7273,9.2231,-0.0992,-0.0579,
155.1891,2.6901,-0.7741,8.3815,-0.0992,-0.0716,
155.3089,2.8446,-0.8282,8.9091,-0.0744,-0.0248,
155.4287,2.8760,-0.8822,9.2893,-0.0758,-0.0083,
155.5486,2.8946,-0.7314,9.1970,-0.0771,-0.0145,
155.6684,2.8942,-0.7906,9.0888,-0.0716,-0.0248,
155.7882,2.8182,-0.7669,8.9545,-0.0744,-0.0248,
155.9081,2.8364,-0.7231,9.1587,-0.0702,-0.0331,
156.0279,2.7950,-0.8140,9.1917,-0.0661,-0.0083,
156.1478,2.6585,-0.7314,9.0840,-0.0744,-0.0089,0.0000
156.2676,1.8007,-0.6639,9.0902,-0.0992,-0.0496,0.0000
156.3874,2.6462,-0.7402,8.8569,-0.0826,-0.0350,0.0000
156.5073,2.6268,-0.6631,9.0299,-0.0661,-0.0083,0.0000
156.6271,2.6377,-0.6695,9.2250,-0.0716,0.0216,0.0000
156.7469,1.6978,-0.6564,9.2700,-0.0771,0.0165,0.0000
156.8668,2.6042,-0.5153,9.4434,-0.0826,-0.0083,0.0000
156.9866,2.4679,-0.6681,9.2098,-0.0835,-0.0331,0.0000
157.1065,2.4513,-0.6516,9.1944,-0.0843,-0.0083,0.0000
157.2263,2.1789,-0.6098,9.4695,-0.0851,0.0165,0.0000
157.3461,2.1532,-0.5826,9.4683,-0.0926,0.0524,0.0000
157.4660,1.9530,-0.6120,9.4922,-0.1000,0.0279,0.0000
157.5858,2.0611,-0.8142,9.1906,-0.0913,-0.0232,0.0000
157.7056,1.5604,-1.0079,8.7674,-0.0826,-0.0362,0.0000
157.8255,1.4920,-0.8923,8.8773,-0.0685,-0.0307,-0.0165
157.9453,2.0420,-0.6298,9.1656,-0.0744,-0.0312,-0.0150
158.0652,2.1213,-0.5792,9.1876,-0.0826,-0.0083,
158.1850,2.0982,-0.6756,9.1807,-0.0839,-0.0076,
158.3048,2.1063,-0.7608,9.2097,-0.0851,-0.0095,
158.4247,2.0992,-0.7934,9.1467,-0.0826,-0.0098,
158.5445,2.1082,-0.7537,9.1329,-0.0709,-0.0089,
158.6643,2.0888,-0.6716,9.1979,-0.0709,-0.0053,
158.7842,2.0836,-0.5694,9.0300,-0.0709,0.0000,
158.9040,2.1069,-0.6432,9.1245,-0.0851,-0.0201,0.0000
159.0239,1.0414,-0.6184,9.2824,-0.1047,-0.0299,0.0000
159.1437,2.1268,-0.5577,9.1727,-0.0756,-0.0331,
159.2635,2.1757,-0.7493,9.1822,-0.0741,-0.0151,
159.3834,2.1782,-0.6480,9.2521,-0.0727,-0.0126,
159.5032,2.2481,-0.5124,9.2493,-0.0712,-0.0136,
159.6230,2.3447,-0.5248,9.3781,-0.0697,-0.0073,
159.7429,2.2519,-0.5350,9.3693,-0.0638,0.0151,0.0000
159.8627,1.0567,-0.4397,9.1969,-0.0709,0.0095,0.0000
159.9825,2.1292,-0.5035,9.1766,-0.0851,-0.0100,0.0000
160.1024,2.2786,-0.4284,9.2850,-0.1075,0.0059,0.0000
160.2222,2.2505,-0.4244,9.1794,-0.0922,0.0260,0.0000
160.3421,1.5145,-0.6648,9.1633,-0.0851,0.0191,0.0000
160.4619,2.2802,-0.7365,9.0146,-0.0870,-0.0286,0.0000
160.5817,1.6581,-0.8668,8.9557,-0.0890,-0.0408,0.0000
160.7016,2.3035,-0.7589,9.4214,-0.0637,-0.0075,-0.0074
160.8214,2.3462,-0.6703,9.5852,-0.0384,0.0183,-0.0148
160.9412,2.0375,-0.5280,9.1831,-0.0293,0.0236,-0.0147
161.0611,1.4344,-0.3876,9.0294,-0.0603,-0.0233,-0.0071
161.1809,1.3625,-0.3481,9.1435,-0.0674,-0.0306,0.0000
161.3008,1.0866,-0.4515,8.7895,-0.0638,-0.0378,0.0000
161.4206,2.2797,-0.3746,9.1297,-0.0826,-0.0047,-0.0071
161.5404,1.8852,-0.5380,9.4021,-0.0739,0.0142,-0.0142
161.6603,2.2933,-0.4752,9.4341,-0.0802,0.0148,-0.0142
161.7801,2.2894,-0.4009,9.4324,-0.0866,0.0009,-0.0071
161.8999,2.0453,-0.4329,9.0271,-0.0929,-0.0130,0.0000
162.0198,0.7783,-0.4192,9.0568,-0.0993,-0.0567,0.0000
162.1396,1.4679,-0.4014,9.1604,-0.1000,-0.0586,-0.0151
162.2595,2.2689,-0.4037,9.0814,-0.0826,-0.0014,-0.0150
162.3793,1.8285,-0.4192,9.3361,-0.0890,0.0284,-0.0106
162.4991,2.1705,-0.4348,9.4316,-0.0992,0.0128,-0.0159
162.6190,2.1772,-0.5487,9.3063,-0.0826,-0.0083,-0.0151
162.7388,2.1560,-0.3788,9.2570,-0.0723,0.0142,-0.0142
162.8586,2.1191,-0.4380,9.1697,-0.0716,-0.0035,-0.0071
162.9785,2.1077,-0.4793,9.2575,-0.0747,-0.0183,0.0000
163.0983,1.2753,-0.4632,9.2154,-0.0778,-0.0315,0.0000
163.2182,2.1834,-0.4347,9.1036,-0.0808,-0.0331,
163.3380,2.0720,-0.4205,9.1358,-0.0839,-0.0079,
163.4578,2.0091,-0.4091,9.2036,-0.0833,-0.0079,
163.5777,2.0240,-0.4173,9.2691,-0.0826,-0.0083,
163.6975,1.8732,-0.4255,9.2149,-0.0798,-0.0091,
163.8173,1.9270,-0.4298,9.3605,-0.0770,-0.0165,
163.9372,1.9268,-0.3967,9.3243,-0.0742,-0.0083,
164.0570,1.8292,-0.3275,9.2636,-0.0714,-0.0080,
164.1768,1.7365,-0.5124,9.2933,-0.0661,-0.0083,
164.2967,1.4287,-0.3719,8.9667,-0.0826,-0.0323,0.0000
164.4165,1.8651,-0.4547,9.0056,-0.0732,-0.0331,-0.0041
164.5364,1.9462,-0.3655,9.1655,-0.0716,-0.0165,-0.0031
164.6562,1.9124,-0.2277,9.2520,-0.0992,0.0154,-0.0021
164.7760,1.8226,-0.4463,9.4064,-0.0992,-0.0055,-0.0010
164.8959,1.9521,-0.5234,9.3421,-0.0909,-0.0364,0.0000
165.0157,2.1157,-0.5014,9.5025,-0.0826,-0.0248,0.0000
165.1355,2.0069,-0.4298,9.5138,-0.0826,0.0234,0.0000
165.2554,1.9215,-0.2347,9.6653,-0.0826,0.0727,0.0000
165.3752,1.8416,-0.3072,9.7066,-0.0826,0.0372,0.0000
165.4951,1.5978,-0.3636,9.0592,-0.0813,-0.0441,0.0000
165.6149,1.6322,-0.2727,8.7521,-0.0737,-0.0361,0.0000
165.7347,1.8278,-0.6529,8.8926,-0.0661,-0.0281,0.0000
165.8546,1.9785,-0.4099,9.3416,-0.0826,0.0000,-0.0021
165.9744,2.0760,-0.0847,9.6281,-0.0992,0.0145,-0.0041
166.0942,1.9223,-0.3207,9.4031,-0.1074,-0.0062,-0.0062
166.2141,1.0453,-0.7438,9.1352,-0.0661,-0.0331,-0.0083
166.3339,1.4523,-0.5475,9.1236,-0.0716,-0.0331,-0.0154
166.4538,1.7686,-0.3140,9.0773,-0.0826,-0.0094,
166.5736,1.8268,-0.2727,9.2395,-0.0661,-0.0066,
166.6934,2.0124,-0.2736,9.3661,-0.0768,-0.0331,
166.8133,1.9493,-0.3388,9.1394,-0.0839,-0.0165,
166.9331,1.8025,-0.3719,9.0555,-0.0845,-0.0331,
167.0529,1.9034,-0.3976,9.2417,-0.0851,-0.0331,
167.1728,1.9187,-0.3969,9.2253,-0.0826,-0.0083,
167.2926,1.5397,-0.3961,9.3512,-0.0826,0.0142,0.0000
167.4124,1.7888,-0.3964,9.4093,-0.0661,-0.0124,-0.0055
167.5323,1.7228,-0.4091,9.1585,-0.0768,-0.0157,-0.0110
167.6521,1.7335,-0.5412,9.2057,-0.0750,-0.0331,-0.0165
167.7720,1.7508,-0.4102,9.4138,-0.0787,-0.0180,-0.0142
167.8918,1.7149,-0.3094,9.3456,-0.0745,-0.0064,
168.0116,1.6864,-0.3058,9.3125,-0.0703,-0.0083,
168.1315,1.6511,-0.2479,9.3496,-0.0661,-0.0102,
168.2513,1.6184,-0.1884,9.3544,-0.0748,-0.0139,
168.3711,1.6255,-0.1583,9.3503,-0.0826,-0.0053,
168.4910,1.5688,-0.1986,9.3241,-0.0868,-0.0083,
168.6108,1.5523,-0.2278,9.3367,-0.0909,-0.0077,
168.7307,1.6363,-0.3083,9.2942,-0.0951,-0.0089,
168.8505,1.6281,-0.3091,9.2876,-0.0992,0.0055,
168.9703,1.5232,-0.3098,9.2852,-0.0851,-0.0006,0.0000
169.0902,1.5801,-0.3105,9.4402,-0.0992,-0.0048,
169.2100,1.5967,-0.3804,9.2935,-0.0833,-0.0090,
169.3298,1.5522,-0.3342,9.0986,-0.0733,-0.0075,
169.4497,1.6030,-0.3511,9.3724,-0.0780,-0.0081,
169.5695,1.5996,-0.4860,9.3246,-0.0826,-0.0087,
169.6894,1.6581,-0.3846,9.2395,-0.0826,-0.0039,
169.8092,1.6477,-0.3675,9.3462,-0.0826,-0.0028,
169.9290,1.5020,-0.3628,9.3586,-0.0782,-0.0075,
170.0489,1.3647,-0.3654,9.2749,-0.0738,-0.0073,
170.1687,1.4256,-0.4066,9.2805,-0.0693,-0.0073,
170.2885,1.6133,-0.3332,9.3252,-0.0709,-0.0073,
170.4084,1.5903,-0.3628,9.3071,-0.0685,-0.0073,
170.5282,1.6035,-0.1900,9.3667,-0.0709,-0.0073,
170.6481,1.5951,-0.2753,9.3292,-0.0768,-0.0073,
170.7679,1.5710,-0.3546,9.2652,-0.0826,-0.0136,
170.8877,1.6667,-0.4238,9.2340,-0.0993,-0.0119,
171.0076,1.6837,-0.4450,9.2851,-0.0922,-0.0102,
171.1274,1.6723,-0.4087,9.2043,-0.0904,-0.0085,
171.2472,1.6312,-0.3723,9.2400,-0.0887,-0.0018,
171.3671,1.5887,-0.3995,9.3511,-0.0869,-0.0024,
171.4869,1.5730,-0.4043,9.2695,-0.0851,-0.0083,
171.6067,1.4965,-0.4255,9.1927,-0.0851,-0.0083,
171.7266,1.5768,-0.3865,9.2896,-0.0780,-0.0083,
171.8464,1.7234,-0.4723,9.4170,-0.0709,-0.0083,
171.9663,1.8723,-0.5603,9.3801,-0.0638,-0.0071,
172.0861,1.9858,-0.5000,9.3759,-0.0709,-0.0085,
172.2059,2.0184,-0.5106,9.3286,-0.0780,-0.0142,
172.3258,2.1206,-0.4291,9.1738,-0.0851,-0.0142,
172.4456,2.1182,-0.3475,8.9929,-0.0922,-0.0112,
172.5654,2.1194,-0.6206,9.2234,-0.0922,-0.0083,
172.6853,2.1017,-0.6667,9.2080,-0.0887,0.0000,
172.8051,2.0496,-0.6513,9.2057,-0.0851,0.0000,
172.9250,1.6241,-0.7234,9.3291,-0.0851,-0.0142,0.0000
173.0448,1.5617,-0.6270,9.2128,-0.0804,-0.0284,0.0000
173.1646,1.8823,-0.4752,9.0556,-0.0757,-0.0071,0.0000
173.2845,1.7943,-0.2482,9.0449,-0.0709,-0.0083,0.0000
173.4043,1.7813,-0.5000,9.3168,-0.0709,-0.0027,0.0000
173.5241,1.7530,-0.4326,9.4574,-0.0709,0.0028,0.0000
173.6440,1.3783,-0.4397,9.3794,-0.0662,0.0071,0.0000
173.7638,1.6868,-0.3735,9.3582,-0.0615,-0.0089,
173.8837,1.7187,-0.2979,9.3215,-0.0567,-0.0087,
174.0035,1.6723,-0.3085,9.2624,-0.0662,-0.0085,
174.1233,1.6738,-0.3262,9.2908,-0.0709,-0.0085,
174.2432,1.7716,-0.3635,9.3463,-0.0757,-0.0085,
174.3630,1.7475,-0.2794,9.3747,-0.0804,-0.0083,
174.4828,1.6879,-0.2358,9.2943,-0.0851,-0.0073,
174.6027,1.7470,-0.4113,9.3168,-0.0851,-0.0063,
174.7225,1.8255,-0.4208,9.2518,-0.0869,-0.0053,
174.8424,1.8440,-0.4220,9.2317,-0.0887,0.0000,
174.9622,1.8599,-0.4232,9.2908,-0.0904,-0.0071,
175.0820,1.8610,-0.3972,9.3560,-0.0922,0.0095,0.0000
175.2019,1.8879,-0.4066,9.4728,-0.0851,0.0085,0.0000
175.3217,1.9149,-0.3168,9.4480,-0.0851,-0.0089,-0.0071
175.4415,1.8965,-0.3688,9.3936,-0.0780,0.0000,-0.0142
175.5614,1.9202,-0.4161,9.2719,-0.0780,0.0053,-0.0142
175.6812,1.2979,-0.3716,9.2128,-0.0851,-0.0177,0.0000
175.8010,1.6418,-0.4681,9.1929,-0.0804,-0.0284,0.0000
175.9209,2.0511,-0.3972,9.2099,-0.0757,-0.0043,
176.0407,2.0099,-0.3688,9.1830,-0.0709,0.0000,
176.1606,1.9622,-0.3546,9.2376,-0.0709,-0.0083,
176.2804,2.0156,-0.4379,9.3085,-0.0851,-0.0057,
176.4002,0.4858,-0.3404,9.1170,-0.0780,0.0142,0.0000
176.5201,2.0184,-0.4988,9.3239,-0.0816,0.0028,0.0000
176.6399,2.0539,-0.6383,9.0331,-0.0851,-0.0076,-0.0047
176.7597,2.0908,-0.5121,8.8983,-0.0993,-0.0180,-0.0095
176.8796,2.1560,-0.5851,9.0922,-0.0804,-0.0284,-0.0142
176.9994,2.2638,-0.4941,9.1759,-0.0638,-0.0142,-0.0142
177.1193,2.3121,-0.4238,9.3678,-0.0709,0.0000,-0.0142
177.2391,2.2147,-0.4514,9.3139,-0.0709,-0.0085,-0.0142
177.3589,2.1353,-0.4255,9.2066,-0.0709,-0.0292,-0.0142
177.4788,2.1976,-0.4254,9.1595,-0.0701,-0.0185,-0.0165
177.5986,1.8585,-0.4254,9.1954,-0.0638,0.0086,0.0000
177.7184,2.1377,-0.4433,9.1388,-0.0922,0.0035,0.0000
177.8383,2.1005,-0.5973,9.0986,-0.0993,-0.0075,0.0000
177.9581,2.2359,-0.5892,9.4040,-0.0851,-0.0035,0.0000
178.0780,2.1236,-0.6635,9.3611,-0.0709,0.0195,0.0000
178.1978,2.0321,-0.6436,9.3005,-0.0661,0.0102,0.0000
178.3176,2.0683,-0.5296,9.2829,-0.0724,-0.0161,0.0000
178.4375,1.9850,-0.6225,9.0668,-0.0788,-0.0302,0.0000
178.5573,2.0662,-0.4700,9.1357,-0.0851,-0.0118,
178.6771,2.0380,-0.4969,9.1262,-0.0851,-0.0039,
178.7970,2.0345,-0.4747,9.2951,-0.0851,-0.0090,
178.9168,2.0742,-0.5182,9.4130,-0.0815,-0.0076,
179.0366,1.9560,-0.5709,9.2150,-0.0780,-0.0033,
179.1565,1.9518,-0.5910,9.2744,-0.0803,-0.0115,
179.2763,1.9051,-0.7218,9.2754,-0.0826,-0.0136,
179.3962,1.3707,-0.7972,9.1650,-0.0701,-0.0112,0.0142
179.5160,1.5462,-0.7592,9.2272,-0.0709,-0.0159,0.0224
179.6358,1.1466,-0.6637,9.1991,-0.0679,-0.0171,0.0156
179.7557,1.9206,-0.5625,9.2645,-0.0709,-0.0028,0.0142
179.8755,1.8694,-0.5124,9.3570,-0.0716,0.0000,
179.9953,1.7916,-0.5614,9.3792,-0.0567,0.0000,
180.1152,1.8014,-0.4965,9.2877,-0.0567,-0.0092,
180.2350,1.7661,-0.4653,9.1679,-0.0567,-0.0083,
180.3549,1.7168,-0.3748,9.2630,-0.0744,-0.0331,
180.4747,1.6380,-0.1784,9.1702,-0.0797,-0.0165,
180.5945,1.0490,-0.1661,9.0414,-0.0851,-0.0266,0.0000
180.7144,1.2948,-0.2082,9.1906,-0.0821,-0.0402,0.0000
180.8342,1.3970,-0.2066,9.1372,-0.0792,-0.0228,-0.0165
180.9540,1.7025,-0.2066,9.2528,-0.0762,-0.0083,-0.0163
181.0739,1.7485,-0.2380,9.5038,-0.0732,0.0084,-0.0161
181.1937,1.8587,-0.3420,9.6150,-0.0750,0.0250,-0.0159
181.3136,1.7866,-0.4283,9.4766,-0.0659,0.0244,-0.0165
181.4334,1.7249,-0.2501,9.2753,-0.0567,-0.0168,
181.5532,2.0553,-0.1363,9.2200,-0.0642,-0.0399,
181.6731,2.2479,-0.2176,9.0659,-0.0716,-0.0285,
181.7929,2.2397,-0.2424,9.0727,-0.0826,-0.0150,
181.9127,2.2149,-0.2686,9.2033,-0.1074,-0.0116,
182.0326,2.0727,-0.3140,8.8694,-0.1074,-0.0331,-0.0165
182.1524,1.7488,-0.3223,8.9421,-0.0992,-0.0331,-0.0165
182.2723,2.3306,-0.5207,9.0840,-0.0826,0.0017,-0.0165
182.3921,2.2314,-0.5310,9.1736,-0.0579,0.0529,-0.0165
182.5119,2.2011,-0.3884,9.7851,-0.0331,0.0496,-0.0165
182.6318,2.1322,-0.4008,9.4628,-0.0331,-0.0050,-0.0165
182.7516,2.0744,-0.2355,9.0344,-0.0537,-0.0386,-0.0165
182.8714,1.6050,-0.1983,8.5179,-0.0744,-0.0395,-0.0165
182.9913,2.1455,-0.3388,8.4760,-0.0716,-0.0404,-0.0124
183.1111,2.3934,-0.2438,8.3669,-0.0689,-0.0413,-0.0083
183.2309,2.4421,-0.5785,8.8388,-0.0675,0.0083,-0.0041
183.3508,1.5895,-0.4595,9.7686,-0.0661,0.0446,0.0000
183.4706,2.4008,-0.4380,9.6804,-0.0826,-0.0017,0.0000
183.5905,2.3587,-0.5041,9.1102,-0.0992,-0.0331,0.0000
183.7103,2.3950,-0.4628,8.8499,-0.0909,-0.0331,0.0000
183.8301,2.5041,-0.4270,9.0262,-0.0826,-0.0331,0.0000
183.9500,2.6298,-0.4380,9.0269,-0.0826,-0.0083,0.0000
184.0698,2.7851,-0.5041,8.9917,-0.0826,-0.0124,0.0000
184.1896,2.9408,-0.6088,9.0468,-0.0826,-0.0331,0.0000
184.3095,3.0099,-0.5854,9.1047,-0.0826,-0.0083,
184.4293,2.9752,-0.4545,9.0380,-0.0992,0.0000,
184.5492,3.0730,-0.5620,9.4022,-0.0992,0.0083,
184.6690,3.0165,-0.8140,9.1474,-0.0744,0.0165,
184.7888,2.9890,-0.5103,8.5523,-0.0992,-0.0207,0.0000
184.9087,2.1364,-0.6467,8.7369,-0.1074,-0.0661,0.0000
185.0285,2.7537,-0.8347,8.8678,-0.0909,-0.0331,-0.0165
185.1483,2.9339,-0.7300,8.9697,-0.0744,0.0116,-0.0165
185.2682,3.5934,-0.6171,9.4545,-0.0909,0.0331,
185.3880,3.5427,-0.7741,9.5262,-0.0992,0.0264,
185.5079,3.4070,-0.8512,8.9008,-0.0992,0.0165,
185.6277,3.4697,-0.9449,8.7672,-0.0992,-0.0248,
185.7475,3.6281,-0.8694,8.9215,-0.1157,-0.0496,
185.8674,3.6260,-0.8843,8.6584,-0.0937,-0.0358,
185.9872,3.6413,-0.9959,8.7339,-0.0702,-0.0165,
186.1070,3.7025,-0.8781,8.9868,-0.0702,-0.0116,
186.2269,3.6920,-0.4127,8.8985,-0.0732,-0.0080,
186.3467,3.6364,-0.8981,8.9443,-0.0779,-0.0081,
186.4666,3.6231,-0.8967,8.9945,-0.0826,-0.0083,
186.5864,3.6089,-0.8201,8.8624,-0.0826,-0.0081,
186.7062,3.6379,-0.8356,8.9224,-0.0661,-0.0081,
186.8261,3.5636,-0.4581,9.0848,-0.0737,-0.0079,
186.9459,3.3316,-0.7482,8.9519,-0.0826,-0.0055,
187.0657,3.2727,-0.7582,8.7945,,-0.0077,
187.1856,3.3285,-0.8122,8.9542,,-0.0331,
187.3054,3.4195,-0.8512,9.0258,,-0.0360,0.0000
187.4252,3.5339,-0.8531,8.8556,,-0.0362,0.0000
187.5451,3.6138,-0.8482,8.8452,-0.0826,-0.0165,
187.6649,3.6953,-0.8652,9.0437,-0.0826,-0.0080,
187.7848,3.6915,-0.9273,8.9819,-0.0567,-0.0028,
187.9046,3.6100,-0.8413,8.7864,-0.0744,-0.0083,
188.0244,3.5719,-0.7897,8.8601,-0.0771,-0.0017,
188.1443,1.8211,-0.9648,9.0156,-0.0799,0.0000,0.0157
188.2641,3.5472,-1.1552,9.0593,-0.0826,0.0000,0.0284
188.3839,3.0956,-1.1901,9.1203,-0.0709,-0.0106,0.0425
188.5038,2.4643,-1.0538,9.0658,-0.0685,-0.0008,0.0728
188.6236,2.1489,-1.0665,9.0848,-0.0709,0.0154,0.1025
188.7435,1.7645,-1.1300,9.2979,-0.0697,0.0071,0.1150
188.8633,1.1087,-1.1439,9.3288,-0.0685,-0.0128,0.1429
188.9831,1.2740,-1.3307,9.1876,-0.0685,-0.0151,0.1642
189.1030,2.0248,-1.5108,9.1746,-0.0567,-0.0151,0.1831
189.2228,1.4092,-1.4624,9.2092,-0.0331,-0.0150,0.1957
189.3426,2.0227,-1.1494,9.1614,-0.0390,-0.0154,0.2080
189.4625,1.7391,-0.9658,9.1556,-0.0443,-0.0150,0.2020
189.5823,1.4058,-0.0331,9.1309,-0.0496,-0.0150,0.1804
189.7022,1.7470,-0.6041,9.1983,-0.0362,-0.0150,0.1493
189.8220,2.0788,-0.3525,9.2312,-0.0402,-0.0150,0.1229
189.9418,2.1276,-0.3784,9.2295,-0.0485,-0.0142,0.0870
190.0617,1.7607,-0.4043,9.2087,-0.0567,-0.0331,0.0532
190.1815,0.9016,-0.3712,9.1483,-0.0739,-0.0147,0.0567
190.3013,1.7579,-0.4096,9.2086,-0.0638,0.0000,0.0378
190.4212,1.7986,-0.4377,9.2220,-0.0567,0.0000,0.0260
190.5410,1.7695,-0.2072,9.0967,-0.0567,-0.0085,0.0142
190.6608,2.1694,-0.0624,9.1692,-0.0567,-0.0147,-0.0047
190.7807,2.1757,-0.0614,9.2882,-0.0733,-0.0147,-0.0236
190.9005,2.1259,0.0241,9.2184,-0.0725,-0.0142,-0.0426
191.0204,2.1560,0.1135,9.2284,-0.0717,-0.0142,-0.0638
191.1402,2.1305,0.1028,9.3191,-0.0709,-0.0142,-0.0851
191.2600,1.9598,0.3215,9.2482,-0.0709,-0.0142,-0.0993
191.3799,1.7624,0.4965,9.1631,-0.0780,-0.0118,-0.1135
191.4997,1.3593,0.5000,9.2872,-0.0851,-0.0106,-0.1220
191.6195,1.7660,0.5660,9.3452,-0.0922,-0.0142,-0.1277
191.7394,1.8652,0.6005,9.2246,-0.0993,-0.0118,-0.1277
191.8592,1.8381,0.3986,9.2506,-0.0993,-0.0130,-0.1418
191.9791,1.8440,0.3794,9.3156,-0.0946,-0.0142,-0.1418
192.0989,0.8723,0.4645,9.2908,-0.0898,-0.0142,-0.1277
192.2187,1.9546,0.3741,9.4057,-0.0851,-0.0106,-0.1277
192.3386,2.0307,0.3404,9.3298,-0.0946,0.0000,-0.1170
192.4584,2.0411,0.2784,9.0946,-0.0993,-0.0095,
192.5782,2.1288,0.1660,9.1596,,-0.0142,
192.6981,2.2199,0.2482,9.2187,,-0.0095,
192.8179,2.2624,0.2482,9.2518,,0.0000,
192.9378,2.2589,0.1589,9.3511,,-0.0118,
193.0576,1.6702,-0.0057,9.2099,-0.0993,-0.0142,-0.0709
193.1774,1.8156,-0.0887,9.0511,-0.0946,-0.0142,-0.0567
193.2973,2.3582,-0.0213,9.1253,-0.0898,-0.0142,-0.0496
193.4171,2.4340,0.0189,9.2057,-0.0851,-0.0113,-0.0426
193.5369,1.6017,-0.1404,9.1927,-0.0851,-0.0113,-0.0355
193.6568,2.4421,-0.2695,9.1809,-0.0851,-0.0142,-0.0284
193.7766,1.6643,-0.2181,9.1478,-0.0851,-0.0142,-0.0284
193.8965,2.5688,-0.2033,9.0934,-0.0851,-0.0118,-0.0284
194.0163,2.6071,-0.3593,9.0865,-0.0851,-0.0071,
194.1361,2.6684,-0.3773,9.1191,,,
194.2560,2.7541,-0.3500,9.1076,,,
194.3758,2.8440,-0.3227,9.0752,,,
194.4956,2.9319,-0.3191,9.1135,,,
194.6155,2.9872,-0.3351,9.0757,,,
194.7353,3.0296,-0.3723,9.0028,,-0.0083,
194.8551,3.1348,-0.3759,8.9929,,-0.0085,
194.9750,3.2794,-0.4326,9.0241,,-0.0085,
195.0948,3.3631,-0.4326,9.0426,,-0.0085,
195.2147,3.3489,-0.4043,8.9669,,-0.0085,
195.3345,3.3333,-0.4113,8.9444,,-0.0083,
195.4543,3.3277,-0.4255,9.0071,,-0.0083,
195.5742,3.2530,-0.3948,9.0355,,-0.0083,
195.6940,3.1359,-0.3889,9.0355,,-0.0071,
195.8138,3.1082,-0.3830,9.0615,,-0.0083,
195.9337,3.1401,-0.3759,9.0411,,-0.0085,
196.0535,3.0865,-0.3936,8.9674,,-0.0085,
196.1734,3.0894,-0.3936,9.0865,,-0.0085,
196.2932,3.0975,-0.3787,9.1265,,-0.0047,
196.4130,3.0284,-0.3723,9.0142,,-0.0083,
196.5329,3.0511,-0.3404,9.0426,,-0.0083,
196.6527,3.0766,-0.3688,9.0721,,-0.0083,
196.7725,3.0012,-0.3316,9.0426,,-0.0047,
196.8924,2.9390,-0.3191,9.0496,,-0.0085,
197.0122,2.8766,-0.2908,9.0887,,-0.0085,
197.1321,2.7376,-0.2766,9.0887,,-0.0043,
197.2519,2.6348,-0.2340,9.1206,,-0.0043,
197.3717,2.5816,-0.2175,9.1359,,-0.0035,
197.4916,2.5518,-0.2305,9.1288,,-0.0035,
197.6114,2.5638,-0.2009,9.1525,,-0.0035,
197.7312,2.5095,-0.2057,9.1430,,-0.0035,
197.8511,2.5234,-0.2057,9.1501,,-0.0071,
197.9709,2.5489,-0.2057,9.1513,,-0.0083,
198.0908,2.5106,-0.2340,9.1348,,-0.0085,
198.2106,2.5092,-0.2145,9.1504,,-0.0085,
198.3304,2.2766,-0.1206,9.1915,,-0.0035,
198.4503,2.0236,-0.0709,9.2329,,-0.0024,
198.5701,2.0603,-0.0827,9.2482,,-0.0083,
198.6899,2.0934,-0.0804,9.2369,,-0.0083,
198.8098,2.1046,-0.0946,9.2021,-0.0851,-0.0085,
198.9296,2.0993,-0.0904,9.2255,-0.0804,-0.0083,
199.0494,2.0957,-0.0957,9.2440,-0.0757,-0.0085,
199.1693,2.0922,-0.0804,9.2128,-0.0709,-0.0085,
199.2891,2.0922,-0.0869,9.2175,-0.0709,-0.0083,
199.4090,2.0957,-0.0922,9.1927,-0.0709,-0.0071,
199.5288,2.0993,-0.0869,9.2151,-0.0709,-0.0047,
199.6486,2.1021,-0.1035,9.2317,-0.0709,-0.0012,
199.7685,2.0851,-0.0691,9.2241,-0.0709,-0.0024,
199.8883,2.0965,-0.0922,9.2340,-0.0709,-0.0085,
200.0081,2.0965,-0.1206,9.2170,-0.0709,-0.0085,
200.1280,2.0851,-0.0638,9.2184,-0.0709,-0.0014,
200.2478,2.0851,-0.0950,9.2340,-0.0709,-0.0083,
200.3677,2.0851,-0.1206,9.2227,-0.0851,-0.0095,
200.4875,2.0721,-0.0762,9.2057,-0.0757,-0.0035,
200.6073,2.0894,-0.0833,9.2156,-0.0709,-0.0083,
200.7272,2.1046,-0.1277,9.2217,-0.0709,-0.0083,
200.8470,2.0650,-0.0851,9.2279,-0.0709,0.0000,
200.9668,2.0809,-0.0709,9.2340,-0.0709,-0.0085,
201.0867,2.0865,-0.0993,9.2170,-0.0709,-0.0085,
201.2065,2.0898,-0.0674,9.2210,-0.0709,-0.0035,
201.3264,2.0993,-0.0965,9.2312,-0.0709,-0.0083,
201.4462,2.0979,-0.1007,9.1986,-0.0709,-0.0071,
201.5660,2.0965,-0.0638,9.2234,-0.0709,-0.0024,
201.6859,2.1021,-0.1152,9.2284,-0.0709,0.0000,
201.8057,2.0851,-0.0762,9.2163,-0.0709,-0.0012,
201.9255,2.1064,-0.0733,9.2364,-0.0709,-0.0085,
202.0454,2.1028,-0.1064,9.2298,-0.0851,-0.0085,
202.1652,2.0709,-0.0780,9.2156,,-0.0014,
202.2850,2.0936,-0.0940,9.2329,,-0.0083,
202.4049,2.0908,-0.0969,9.2258,,-0.0083,
202.5247,2.0879,-0.0674,9.2258,,-0.0035,
202.6446,2.0830,-0.1050,9.2187,,-0.0083,
202.7644,2.0780,-0.1028,9.1915,,-0.0083,
202.8842,2.0993,-0.0674,9.2340,,-0.0085,
203.0041,2.0965,-0.1277,9.2281,,-0.0085,
203.1239,2.0709,-0.0816,9.2156,-0.0709,-0.0085,
203.2437,2.0936,-0.0766,9.2317,-0.0709,-0.0083,
203.3636,2.0993,-0.1206,9.2258,-0.0709,-0.0083,
203.4834,2.0936,-0.0762,9.2241,-0.0709,-0.0024,
203.6033,2.0950,-0.0979,9.2397,-0.0709,-0.0024,
203.7231,2.0624,-0.0887,9.2128,-0.0709,-0.0012,
203.8429,2.0922,-0.0709,9.2128,-0.0709,-0.0071,
203.9628,2.1035,-0.1229,9.2170,-0.0709,-0.0085,
204.0826,2.0989,-0.0816,9.2057,-0.0709,-0.0028,
204.2024,2.0943,-0.0709,9.2298,-0.0709,-0.0085,
204.3223,2.0897,-0.1277,9.2411,-0.0709,-0.0085,
204.4421,2.0851,-0.0922,9.2199,-0.0709,-0.0085,
204.5620,2.1021,-0.0904,9.2284,-0.0709,-0.0083,
204.6818,2.0863,-0.0993,9.2142,-0.0709,-0.0083,
204.8016,2.0652,-0.0591,9.2151,-0.0709,-0.0035,
204.9215,2.0660,-0.0869,9.2447,-0.0709,-0.0085,
205.0413,2.0667,-0.1028,9.2312,-0.0709,-0.0085,
205.1611,2.0993,-0.0681,9.2255,-0.0709,-0.0085,
205.2810,2.0950,-0.1017,9.2216,-0.0709,-0.0085,
205.4008,2.0567,-0.0603,9.2151,-0.0709,-0.0035,
205.5207,2.0823,-0.0816,9.2447,-0.0709,-0.0024,
205.6405,2.0851,-0.0792,9.2329,-0.0709,-0.0071,
205.7603,2.0794,-0.0768,9.2128,-0.0709,-0.0076,
205.8802,2.0851,-0.0816,9.2106,-0.0709,-0.0080,
206.0000,2.0638,-0.1035,9.2085,-0.0709,-0.0085,
206.1198,2.0922,-0.0733,9.2213,-0.0709,-0.0085,
206.2397,2.1064,-0.1206,9.2447,-0.0709,-0.0085,
206.3595,2.0652,-0.0865,9.2099,-0.0709,-0.0085,
206.4793,2.0865,-0.0621,9.2234,-0.0709,-0.0083,
206.5992,2.0922,-0.0709,9.2317,-0.0733,-0.0083,
206.7190,2.0794,-0.0798,9.2057,-0.0757,-0.0035,
206.8389,2.0965,-0.0833,9.2312,-0.0709,-0.0085,
206.9587,2.0823,-0.1064,9.2252,-0.0709,-0.0085,
207.0785,2.0823,-0.0709,9.2287,-0.0709,-0.0085,
207.1984,2.0869,-0.1064,9.2170,-0.0709,-0.0085,
207.3182,2.0823,-0.0837,9.1998,-0.0709,-0.0047,
207.4380,2.0957,-0.0904,9.2340,-0.0709,-0.0083,
207.5579,2.0723,-0.0851,9.2199,,-0.0071,
207.6777,2.0792,-0.0733,9.2199,,-0.0047,
207.7976,2.0894,-0.1099,9.2340,,-0.0085,
207.9174,2.0936,-0.0904,9.2045,,-0.0071,
208.0372,2.0979,-0.0993,9.2199,,-0.0085,
208.1571,2.0827,-0.1188,9.2199,,-0.0085,
208.2769,2.0752,-0.0603,9.2033,-0.0780,-0.0083,
208.3967,2.0993,-0.0965,9.2199,-0.0709,-0.0071,
208.5166,2.0794,-0.1121,9.2033,-0.0709,-0.0071,
208.6364,2.0934,-0.0875,9.2293,-0.0709,-0.0083,
208.7563,2.0794,-0.1021,9.2376,-0.0709,-0.0083,
208.8761,2.0752,-0.0837,9.2128,-0.0709,-0.0085,
208.9959,2.0965,-0.0946,9.2199,-0.0709,-0.0085,
209.1158,2.0709,-0.0922,9.1968,-0.0709,-0.0085,
209.2356,2.0887,-0.0638,9.2092,-0.0709,-0.0083,
209.3554,2.0979,-0.1064,9.2312,-0.0709,-0.0071,
209.4753,2.0596,-0.0727,9.2151,-0.0709,-0.0071,
209.5951,2.0936,-0.0621,9.2199,-0.0709,0.0000,
209.7150,2.0975,-0.0993,9.1986,-0.0709,-0.0083,
209.8348,2.1003,-0.0681,9.2246,-0.0709,-0.0041,
209.9546,2.1028,-0.1170,9.2310,-0.0709,-0.0101,
210.0745,2.0794,-0.0922,9.2057,-0.0709,-0.0071,
210.1943,2.0969,-0.0780,9.2163,-0.0709,-0.0083,
210.3141,2.0865,-0.1046,9.1998,-0.0709,-0.0083,
210.4340,2.0993,-0.0898,9.2222,-0.0709,-0.0083,
210.5538,2.0922,-0.1117,9.2298,-0.0709,-0.0071,
210.6736,2.0766,-0.0766,9.2080,-0.0709,-0.0035,
210.7935,2.0969,-0.0792,9.2118,-0.0709,-0.0071,
210.9133,2.0804,-0.1028,9.2139,-0.0709,-0.0071,
211.0332,2.0969,-0.0674,9.2168,-0.0709,-0.0083,
211.1530,2.0979,-0.1017,9.2364,-0.0709,-0.0106,
211.2728,2.0624,-0.0816,9.1950,-0.0709,-0.0059,
211.3927,2.1021,-0.0969,9.2199,,-0.0059,
211.5125,2.0823,-0.0904,9.2071,,-0.0047,
211.6323,2.1035,-0.0851,9.2270,,-0.0095,
211.7522,2.0841,-0.1005,9.2239,,-0.0071,
211.8720,2.0650,-0.0674,9.2178,,-0.0041,
211.9919,2.0950,-0.0869,9.2340,,-0.0024,
212.1117,2.0709,-0.0922,9.2069,,-0.0047,
212.2315,2.1005,-0.0833,9.2281,-0.0709,-0.0083,
212.3514,2.0768,-0.1005,9.2329,-0.0709,-0.0083,
212.4712,2.0804,-0.0681,9.2234,-0.0709,-0.0083,
212.5910,2.0894,-0.1035,9.2312,-0.0709,-0.0083,
212.7109,2.0816,-0.0823,9.2087,-0.0709,-0.0083,
212.8307,2.1050,-0.0865,9.2361,-0.0709,-0.0083,
212.9506,2.0851,-0.1021,9.2300,-0.0727,-0.0059,
213.0704,2.0809,-0.0738,9.2213,-0.0745,-0.0083,
213.1902,2.0934,-0.1220,9.2281,-0.0762,-0.0089,
213.3101,2.0804,-0.0794,9.2128,-0.0780,-0.0035,
213.4299,2.1028,-0.1076,9.2388,,-0.0083,
213.5497,2.0681,-0.1064,9.2104,,-0.0083,
213.6696,2.0851,-0.0851,9.2258,,-0.0095,
213.7894,2.0804,-0.1064,9.2300,,-0.0071,
213.9092,2.0792,-0.0837,9.2199,-0.0709,-0.0071,
214.0291,2.0969,-0.1082,9.2423,-0.0709,-0.0083,
214.1489,2.0780,-0.0908,9.2199,-0.0757,-0.0083,
214.2688,2.0863,-0.0766,9.2222,-0.0804,-0.0095,
214.3886,2.0851,-0.1092,9.2116,-0.0851,-0.0089,
214.5084,2.0837,-0.0691,9.2199,-0.0709,-0.0083,
214.6283,2.0934,-0.1082,9.2400,-0.0709,-0.0095,
214.7481,2.0780,-0.0768,9.2151,-0.0709,-0.0083,
214.8679,2.1013,-0.0922,9.2239,-0.0709,-0.0085,
214.9878,2.0768,-0.1206,9.2113,-0.0709,-0.0083,
215.1076,2.0922,-0.0674,9.2234,-0.0709,-0.0083,
215.2275,2.1007,-0.0993,9.2317,-0.0709,-0.0084,
215.3473,2.0934,-0.0638,9.2163,-0.0709,-0.0085,
215.4671,2.0993,-0.0922,9.2293,-0.0709,-0.0085,
215.5870,2.0780,-0.1082,9.2071,-0.0709,-0.0085,
215.7068,2.0865,-0.0544,9.2071,-0.0709,-0.0083,
215.8266,2.0934,-0.1017,9.2187,-0.0709,-0.0085,
215.9465,2.1017,-0.0727,9.2128,-0.0709,-0.0083,
216.0663,2.0922,-0.0950,9.2222,-0.0709,0.0000,
216.1862,2.0697,-0.0879,9.2151,-0.0709,-0.0083,
216.3060,2.0934,-0.0950,9.2364,-0.0709,-0.0085,
216.4258,2.0851,-0.0922,9.2069,-0.0709,-0.0071,
216.5457,2.1035,-0.0780,9.2199,-0.0709,-0.0085,
216.6655,2.0922,-0.0922,9.2199,-0.0709,-0.0071,
216.7853,2.0780,-0.0709,9.2104,-0.0709,-0.0047,
216.9052,2.0908,-0.0869,9.2340,-0.0709,-0.0083,
217.0250,2.0652,-0.0957,9.2057,,-0.0071,
217.1449,2.0922,-0.0887,9.2187,,-0.0083,
217.2647,2.0851,-0.0851,9.2116,,-0.0083,
217.3845,2.0582,-0.0697,9.2199,,-0.0085,
217.5044,2.0709,-0.1017,9.2199,,-0.0085,
217.6242,2.0823,-0.0904,9.2085,-0.0709,-0.0085,
217.7440,2.1135,-0.0766,9.2340,-0.0709,-0.0084,
217.8639,2.0837,-0.0946,9.2085,,-0.0083,
217.9837,2.0721,-0.0879,9.2270,,-0.0083,
218.1035,2.0721,-0.1021,9.2270,,-0.0083,
218.2234,2.0823,-0.0674,9.2099,,-0.0083,
218.3432,2.0957,-0.1082,9.2163,,-0.0085,
218.4631,2.0851,-0.0950,9.2057,-0.0709,-0.0085,
218.5829,2.0851,-0.0833,9.2298,-0.0709,-0.0085,
218.7027,2.0681,-0.0993,9.2199,-0.0727,-0.0085,
218.8226,2.0869,-0.0762,9.2104,-0.0745,-0.0083,
218.9424,2.0910,-0.0691,9.2069,-0.0762,-0.0071,
219.0622,2.0865,-0.0621,9.2069,-0.0780,-0.0035,
219.1821,2.0851,-0.0950,9.2340,-0.0816,-0.0012,
219.3019,2.0621,-0.0638,9.2163,-0.0851,-0.0012,
219.4218,2.1017,-0.0656,9.2258,-0.0804,-0.0085,
219.5416,2.0851,-0.1007,9.2128,-0.0757,-0.0085,
219.6614,2.0865,-0.0638,9.2128,-0.0709,-0.0085,
219.7813,2.0922,-0.0879,9.2199,-0.0709,-0.0085,
219.9011,2.0638,-0.0865,9.2222,-0.0709,-0.0083,
220.0209,2.0993,-0.0766,9.2246,-0.0709,-0.0083,
220.1408,2.0975,-0.1017,9.2187,-0.0709,-0.0083,
220.2606,2.0993,-0.0709,9.2151,-0.0709,-0.0085,
220.3805,2.0757,-0.0993,9.2057,-0.0709,-0.0085,
220.5003,2.0656,-0.0875,9.1915,-0.0709,-0.0085,
220.6201,2.0950,-0.0946,9.2057,-0.0709,-0.0085,
220.7400,2.0851,-0.1046,9.2000,,-0.0085,
220.8598,2.0975,-0.0887,9.2187,,-0.0083,
220.9796,2.0865,-0.0922,9.2270,,-0.0071,
221.0995,2.0809,-0.0851,9.2227,,-0.0083,
221.2193,2.0695,-0.0824,9.2156,,-0.0083,
221.3392,2.0709,-0.0798,9.2057,-0.0757,-0.0085,
221.4590,2.0993,-0.1082,9.2241,-0.0709,-0.0085,
221.5788,2.0894,-0.1046,9.2284,,-0.0085,
221.6987,2.0975,-0.0851,9.2199,,-0.0085,
221.8185,2.0851,-0.0969,9.2175,,-0.0071,
221.9383,2.0766,-0.0709,9.2163,,-0.0024,
222.0582,2.0839,-0.0957,9.2181,,-0.0083,
222.1780,2.0894,-0.0615,9.2199,-0.0709,-0.0085,
222.2978,2.0851,-0.1277,9.2199,-0.0709,-0.0085,
222.4177,2.0794,-0.0922,9.2163,-0.0709,-0.0078,
222.5375,2.1106,-0.0686,9.2312,-0.0709,-0.0071,
222.6574,2.0922,-0.1188,9.2340,-0.0709,-0.0085,
222.7772,2.0865,-0.0922,9.2199,-0.0709,-0.0080,
222.8970,2.0979,-0.0993,9.2085,-0.0709,-0.0076,
223.0169,2.0709,-0.0908,9.2045,-0.0709,-0.0071,
223.1367,2.0908,-0.0979,9.2199,-0.0709,-0.0083,
223.2565,2.0908,-0.1021,9.2199,,-0.0083,
223.3764,2.1064,-0.0709,9.2364,,-0.0035,
223.4962,2.0908,-0.0957,9.2252,,-0.0043,
223.6161,2.0709,-0.1277,9.2340,,-0.0085,
223.7359,2.0780,-0.1021,9.2270,,-0.0085,
223.8557,2.0626,-0.0904,9.1974,,-0.0084,
223.9756,2.1078,-0.1158,9.2128,,-0.0083,
224.0954,2.0936,-0.0957,9.2104,,-0.0083,
224.2152,2.0024,-0.0922,9.2518,,-0.0035,
224.3351,1.8712,-0.0496,9.2652,-0.0709,-0.0028,
224.4549,1.7957,-0.0047,9.2742,,-0.0014,
224.5748,1.7872,-0.0106,9.3050,,0.0000,
224.6946,1.7784,-0.0284,9.3050,,-0.0028,
224.8144,1.7358,-0.0177,9.2920,,-0.0024,
224.9343,1.6111,0.0227,9.2908,,-0.0047,
225.0541,1.4125,0.0496,9.3191,,-0.0035,
225.1739,1.2258,0.1064,9.3745,,-0.0035,
225.2938,1.1191,0.1489,9.4303,,-0.0035,
225.4136,1.0298,0.1915,9.4397,,-0.0035,
225.5334,0.9858,0.2021,9.4397,,-0.0085,
225.6533,0.9716,0.2128,9.4468,,-0.0085,
225.7731,0.9409,0.2145,9.4255,,-0.0047,
225.8930,0.9622,0.2163,9.3929,,-0.0047,
226.0128,0.9551,0.2181,9.4054,,-0.0047,
226.1326,0.8879,0.2199,9.4184,,-0.0047,
226.2525,0.7648,0.2435,9.3889,,-0.0047,
226.3723,0.6052,0.2553,9.3759,,-0.0014,
226.4921,0.4936,0.2695,9.4950,,0.0000,
226.6120,0.4255,0.2908,9.5234,,-0.0057,
226.7318,0.5078,0.3546,9.4936,,-0.0085,
226.8517,0.6714,0.3546,9.4965,-0.0851,-0.0064,
226.9715,0.8877,0.2270,9.3842,-0.0851,-0.0043,
227.0913,1.0934,-0.0355,9.3605,-0.0851,-0.0021,
227.2112,1.1858,-0.0544,9.3593,-0.0709,0.0000,
227.3310,1.2340,0.0709,9.2837,-0.0709,,
227.4508,1.4173,0.0426,9.3440,-0.0757,,
227.5707,1.6128,0.0142,9.3759,-0.0804,,
227.6905,1.7589,-0.0922,9.2851,-0.0851,,
227.8104,1.9338,-0.0969,9.1513,-0.0851,,
227.9302,2.1158,-0.1418,9.1466,-0.0851,,
228.0500,2.1714,-0.1797,9.2400,-0.0851,,
228.1699,2.1702,-0.2057,9.2199,-0.0780,-0.0083,
228.2897,2.1726,-0.2057,9.2293,-0.0709,-0.0071,
228.4095,2.2128,-0.1596,9.2340,-0.0709,-0.0076,
228.5294,2.2298,-0.1749,9.1872,-0.0745,-0.0080,
228.6492,2.2028,-0.2057,9.1348,-0.0780,-0.0085,
228.7691,2.2043,-0.1158,9.1430,-0.0816,-0.0071,
228.8889,2.2270,-0.0638,9.2128,-0.0851,-0.0083,
229.0087,2.2241,-0.1395,9.2447,-0.0851,-0.0071,
229.1286,2.1324,-0.1634,9.1986,-0.0851,-0.0071,
229.2484,2.0532,-0.1872,9.1525,-0.0851,-0.0071,
229.3682,2.1253,-0.0940,9.2435,-0.0851,-0.0078,
229.4881,2.2468,-0.1046,9.2865,-0.0898,-0.0085,
229.6079,2.3121,-0.2837,9.1773,-0.0848,-0.0085,
229.7277,2.3872,-0.3582,9.1688,-0.0798,-0.0071,
229.8476,2.4574,-0.3191,9.2326,-0.0748,-0.0085,
229.9674,2.4755,-0.3050,9.2234,-0.0729,-0.0165,
230.0873,2.4780,-0.2564,9.1184,-0.0709,-0.0049,
230.2071,2.4496,-0.2683,9.0829,-0.0826,0.0000,
230.3269,2.4522,-0.2801,9.1950,-0.0835,0.0000,
230.4468,2.4354,-0.3507,9.1759,-0.0843,0.0000,
230.5666,2.4349,-0.3711,9.1317,-0.0851,0.0000,
230.6864,2.4812,-0.4255,9.1897,-0.0839,-0.0087,
230.8063,2.4604,-0.4463,9.1392,-0.0826,-0.0083,
230.9261,2.4604,-0.0567,9.0666,-0.0709,-0.0254,0.0000
231.0460,2.5339,-0.3400,9.0977,-0.0661,-0.0315,0.0000
231.1658,2.5600,-0.3156,9.1083,-0.0851,-0.0142,
231.2856,2.5610,-0.4043,9.1727,-0.0843,-0.0124,
231.4055,2.5130,-0.4078,9.2129,-0.0835,-0.0077,
231.5253,2.4681,-0.3546,9.1094,-0.0826,-0.0076,
231.6451,2.5709,-0.3220,9.1439,-0.0826,-0.0080,
231.7650,2.6269,-0.3568,9.2091,-0.0826,-0.0028,
231.8848,2.5446,-0.4294,9.0927,-0.0826,-0.0089,
232.0047,2.5033,-0.4378,9.0061,-0.0826,-0.0083,
232.1245,2.5190,-0.4024,9.0975,-0.0826,-0.0092,
232.2443,2.5523,-0.3697,9.1570,-0.0826,-0.0078,
232.3642,2.5036,-0.3460,9.0380,-0.0807,-0.0053,
232.4840,2.3652,-0.3223,9.0936,-0.0787,0.0000,
232.6038,2.2874,-0.3121,9.2767,-0.0768,-0.0078,
232.7237,2.2283,-0.2215,9.2206,-0.0744,-0.0077,
232.8435,2.2271,-0.2760,9.1469,-0.0785,-0.0106,
232.9634,2.3918,-0.3306,9.1872,-0.0826,-0.0094,
233.0832,2.5323,-0.3306,9.1498,-0.0826,-0.0079,
233.2030,2.5059,-0.3973,9.0689,-0.0826,-0.0142,
233.3229,2.4803,-0.3916,9.1337,-0.0826,-0.0078,
233.4427,2.3395,-0.3347,9.1795,-0.0826,-0.0079,
233.5625,2.2084,-0.2752,9.1743,-0.0826,-0.0066,
233.6824,2.1574,-0.2593,9.1773,-0.0826,-0.0080,
233.8022,2.1153,-0.2435,9.1989,-0.0826,-0.0081,
233.9220,2.0797,-0.2524,9.2131,-0.0826,-0.0081,
234.0419,2.0539,-0.2586,9.2149,-0.0826,-0.0081,
234.1617,2.0669,-0.2446,9.2442,-0.0826,-0.0081,
234.2816,2.0387,-0.2416,9.2319,-0.0826,-0.0093,
234.4014,1.9821,-0.2318,9.2273,-0.0826,-0.0081,
234.5212,1.8030,-0.1708,9.2763,-0.0826,-0.0081,
234.6411,1.2893,-0.0351,9.3124,-0.0826,-0.0083,
234.7609,0.3526,0.3264,9.3835,-0.0716,0.0220,
234.8807,-0.5634,0.3802,9.5689,-0.0730,0.0331,
235.0006,-0.7917,0.5289,9.8196,-0.0744,0.0248,
235.1204,-0.7782,0.5289,9.8567,-0.0826,-0.0033,
235.2403,-0.6667,0.4931,9.6791,-0.0826,-0.0083,
235.3601,-0.4656,0.4298,9.5606,-0.0826,-0.0066,
235.4799,-0.6722,0.4421,9.5758,-0.0716,0.0000,
235.5998,-1.1041,0.6281,9.6579,-0.0753,0.0165,
235.7196,-1.2364,0.6446,9.7901,-0.0790,0.0000,
235.8394,-1.1455,0.6529,9.8140,-0.0826,-0.0083,0.0165
235.9593,-1.1873,0.7727,9.7080,-0.0909,-0.0165,0.0165
236.0791,-1.2744,0.5599,9.6744,-0.0992,-0.0116,0.0165
236.1990,-1.2694,0.4360,9.7132,-0.0992,-0.0132,0.0165
236.3188,-1.1226,0.3003,9.7521,-0.0992,-0.0165,0.0231
236.4386,-0.7369,-0.0744,9.6736,-0.1157,-0.0165,0.0496
236.5585,-0.6645,-0.7025,9.5322,-0.1116,-0.0165,0.0744
236.6783,-0.4165,-1.0055,9.5554,-0.1074,-0.0165,0.1074
236.7981,-0.2300,-1.2562,9.5661,-0.0826,-0.0207,0.1322
236.9180,-0.0562,-1.4656,9.4738,-0.0579,-0.0331,0.1521
237.0378,-0.2741,-1.4132,9.4917,-0.0331,-0.0165,0.1719
237.1576,-0.1529,-1.4231,9.5372,-0.0364,-0.0165,0.1884
237.2775,-0.3623,-0.7975,9.5372,-0.0397,-0.0165,0.1851
237.3973,-0.4463,-1.4876,9.4986,-0.0331,-0.0165,0.1752
237.5172,-0.4153,-1.2231,9.6083,-0.0358,-0.0165,0.1653
237.6370,-0.1570,-1.1074,9.6645,-0.0386,-0.0165,0.1521
237.7568,-0.2678,-0.6749,9.4975,-0.0413,-0.0165,0.1322
237.8767,0.0220,-0.9298,9.4380,-0.0496,-0.0165,0.1322
237.9965,-0.0510,-0.9284,9.4380,-0.0579,-0.0165,0.1157
238.1163,-0.1157,-0.8471,9.4793,-0.0661,-0.0165,0.1074
238.2362,0.1339,-0.7769,9.6501,-0.0744,-0.0033,0.0992
238.3560,0.1212,-0.7782,9.7388,-0.0826,0.0083,0.0950
238.4759,0.0275,-0.7796,9.6628,-0.0826,-0.0083,0.0909
238.5957,0.0310,-0.9091,9.5223,-0.0785,-0.0165,0.0868
238.7155,0.0744,-0.9876,9.5421,-0.0744,-0.0207,0.0826
238.8354,0.1226,-0.9256,9.6143,-0.0620,-0.0165,0.0744
238.9552,0.2163,-0.7636,9.6901,-0.0496,-0.0165,0.0661
239.0750,0.4284,-0.7769,9.7066,-0.0634,-0.0182,0.0661
239.1949,0.1598,-0.8740,9.4945,-0.0771,-0.0198,0.0661
239.3147,0.5785,-0.9587,9.3196,-0.0826,-0.0207,0.0661
239.4346,0.0496,-0.9642,9.2893,-0.0826,-0.0165,0.0661
239.5544,0.2248,-1.0055,9.3802,-0.0744,-0.0165,0.0661
239.6742,0.7058,-0.9587,9.4083,-0.0744,-0.0165,0.0661
239.7941,0.4727,-0.8636,9.4353,-0.0716,-0.0165,0.0551
239.9139,0.3912,-0.8161,9.5565,-0.0730,-0.0165,0.0496
240.0337,0.3898,-0.7025,9.4380,-0.0744,-0.0176,0.0496
240.1536,0.5785,-0.6446,9.4160,-0.0771,-0.0186,0.0430
240.2734,0.5223,-0.4311,9.4752,,-0.0196,0.0331
240.3933,0.5964,-0.2727,9.4022,,-0.0207,0.0165
240.5131,0.9339,-0.2066,9.3444,,-0.0331,0.0000
240.6329,1.0303,-0.1455,9.2711,,-0.0331,0.0000
240.7528,1.1702,-0.1295,9.5438,-0.0716,-0.0028,0.0000
240.8726,1.2011,-0.0220,9.5399,-0.0826,0.0165,0.0000
240.9924,1.0496,0.0413,9.1019,-0.0992,-0.0017,0.0000
241.1123,0.8939,-0.1041,8.7824,-0.0992,-0.0182,0.0000
241.2321,1.1983,-0.2479,8.9683,-0.0992,-0.0347,0.0000
241.3519,1.3223,-0.1818,9.4545,-0.0694,-0.0083,-0.0041
241.4718,1.3733,-0.0634,9.5455,-0.0771,-0.0096,-0.0083
241.5916,1.3388,-0.1355,9.3421,-0.0702,-0.0165,-0.0124
241.7115,1.4050,-0.1240,9.1190,-0.0744,-0.0364,-0.0165
241.8313,1.5881,-0.0727,9.1338,-0.0661,-0.0272,-0.0124
241.9511,1.6611,-0.0692,9.3202,-0.0732,-0.0064,-0.0083
242.0710,1.7856,-0.2080,9.3015,-0.0846,-0.0198,-0.0041
242.1908,1.7249,-0.2858,9.0181,-0.0960,-0.0350,0.0000
242.3106,2.1887,-0.3776,8.9691,-0.1074,-0.0041,0.0000
242.4305,2.2905,-0.5890,9.3084,-0.0963,0.0210,0.0000
242.5503,1.8355,-0.5213,9.5583,-0.0851,0.0283,0.0000
242.6702,2.1741,-0.4756,9.2830,-0.0921,-0.0027,0.0000
242.7900,2.1528,-0.4463,9.0689,-0.0992,-0.0331,
242.9098,2.1832,-0.5069,9.0612,-0.1074,-0.0132,
243.0297,2.2002,-0.3686,9.1946,-0.1157,0.0000,
243.1495,2.1921,-0.5963,9.3661,-0.1157,0.0000,
243.2693,1.8402,-1.2308,9.3055,-0.0826,0.0000,
243.3892,1.5418,-1.2704,9.4029,-0.0567,0.0047,
243.5090,1.5749,-0.9171,9.3944,-0.0632,-0.0069,0.0161
243.6289,1.5988,-0.6722,9.2727,-0.0697,-0.0154,0.0161
243.7487,1.3088,-0.6173,9.2914,-0.0762,-0.0159,0.0165
243.8685,1.6215,-0.6358,9.3053,-0.0826,-0.0028,0.0284
243.9884,1.5555,-0.7470,9.3511,-0.0826,-0.0055,0.0284
244.1082,0.9845,-0.8651,9.1850,-0.0661,-0.0157,0.0189
244.2280,1.2568,-0.8438,8.7979,-0.0689,-0.0158,0.0161
244.3479,1.1318,-0.6833,9.0360,-0.0716,-0.0159,0.0189
244.4677,1.4012,-0.6537,9.4155,-0.0744,0.0000,0.0331
244.5876,1.2759,-0.7796,9.3564,-0.0764,-0.0161,0.0331
244.7074,1.6301,-0.8567,9.2348,-0.0785,-0.0161,0.0284
244.8272,1.6226,-0.8664,9.2088,-0.0806,-0.0161,0.0284
244.9471,1.5717,-0.8760,9.0821,-0.0826,-0.0161,0.0284
245.0669,1.5950,-0.9174,9.1338,-0.0826,-0.0161,0.0284
245.1867,1.6217,-0.9339,9.3547,-0.0826,0.0000,0.0284
245.3066,1.5792,-0.9091,9.3269,-0.0732,0.0000,0.0284
245.4264,1.5661,-0.8843,9.3200,-0.0691,-0.0161,0.0284
245.5462,0.9813,-0.7670,9.3179,-0.0650,-0.0161,0.0165
245.6661,1.6476,-0.6240,9.2688,-0.0609,-0.0139,0.0142
245.7859,1.6496,-0.5285,9.2678,-0.0567,-0.0142,
245.9058,1.6446,-0.4711,9.3070,-0.0656,-0.0142,
246.0256,1.6156,-0.4584,9.2997,-0.0744,-0.0097,
246.1454,1.5536,-0.4584,9.2474,-0.0771,-0.0080,
246.2653,1.5747,-0.4628,9.2600,-0.0799,-0.0083,
246.3851,1.6070,-0.3991,9.3759,-0.0826,0.0000,
246.5049,1.5503,-0.4050,9.3212,,-0.0069,
246.6248,1.5257,-0.3926,9.3323,,-0.0094,
246.7446,1.6000,-0.3719,9.4077,,-0.0083,
246.8645,1.4940,-0.3968,9.2623,,-0.0014,
246.9843,1.4722,-0.4607,9.3600,-0.0661,-0.0093,
247.1041,1.2113,-0.5031,9.6420,-0.0661,-0.0038,0.0000
247.2240,1.6483,-0.4504,9.4645,-0.0661,-0.0097,0.0000
247.3438,1.3129,-0.3806,9.1980,-0.0661,-0.0315,0.0000
247.4636,1.2826,-0.3363,9.0106,,-0.0323,0.0000
247.5835,1.6446,-0.4132,9.0033,,-0.0331,0.0000
247.7033,1.7149,-0.4793,9.1207,,-0.0099,
247.8232,1.7534,-0.4845,9.2080,,-0.0096,
247.9430,1.8333,-0.4897,9.2678,,-0.0099,
248.0628,1.9322,-0.5554,9.2645,-0.0826,0.0000,
248.1827,2.0634,-0.6212,9.5455,-0.0694,-0.0069,
248.3025,1.8953,-0.5427,9.2383,-0.0744,-0.0165,
248.4223,1.8567,-0.4731,8.2562,-0.0744,-0.0430,0.0000
248.5422,2.1273,-0.5372,8.6598,-0.0744,-0.0298,0.0000
248.6620,2.2645,-0.5041,9.3884,-0.0744,-0.0083,
248.7818,2.2066,-0.4298,9.4917,-0.0744,-0.0083,
248.9017,2.1116,-0.2975,9.2369,-0.0744,-0.0145,
249.0215,2.0215,-0.3058,9.0331,-0.0771,-0.0248,
249.1414,1.9967,-0.3554,9.1474,-0.0799,-0.0083,
249.2612,1.9835,-0.3802,9.2545,-0.0826,-0.0083,
249.3810,1.9570,-0.3802,9.2410,-0.0826,-0.0083,
249.5009,1.9339,-0.3361,9.2727,-0.0826,-0.0083,
249.6207,1.9570,-0.2975,9.3372,-0.0826,-0.0132,
249.7405,1.9273,-0.2975,9.2397,-0.0826,-0.0132,
249.8604,1.8719,-0.3140,9.0909,-0.0826,-0.0124,
249.9802,1.9353,-0.3636,9.1336,,-0.0083,
250.1001,1.9229,-0.4105,9.1934,,-0.0083,
250.2199,1.8678,-0.4463,9.1364,,-0.0145,
250.3397,1.8678,-0.3884,9.0785,,-0.0145,
250.4596,1.9174,-0.5091,9.2163,-0.0744,-0.0083,
250.5794,1.9306,-0.4083,9.2727,-0.0744,-0.0083,
250.6992,1.9277,-0.3988,9.3041,-0.0716,-0.0083,
250.8191,1.9504,-0.4711,9.2826,-0.0702,-0.0083,
250.9389,1.9490,-0.4380,9.1143,-0.0826,-0.0331,
251.0588,1.9931,-0.5000,9.0179,-0.0799,-0.0331,
251.1786,2.0132,-0.5455,9.1171,-0.0771,-0.0145,
251.2984,1.9471,-0.5909,9.2080,-0.0744,-0.0083,
251.4183,1.8744,-0.5785,9.2380,-0.0730,-0.0069,
251.5381,1.8512,-0.5620,9.2562,-0.0716,-0.0099,
251.6579,1.8512,-0.5207,9.2430,-0.0826,-0.0091,
251.7778,1.8623,-0.5000,9.3174,-0.0826,-0.0083,
251.8976,1.8264,-0.4793,9.3237,-0.0727,-0.0083,
252.0175,1.5785,-0.3240,9.0620,-0.0702,-0.0069,
252.1373,1.5882,-0.3240,9.0771,-0.0826,-0.0165,
252.2571,1.8231,-0.4683,9.1419,,-0.0331,
252.3770,1.8000,-0.5344,9.1942,,-0.0110,
252.4968,1.7934,-0.5008,9.2851,,-0.0099,
252.6166,1.7934,-0.4050,9.1818,,-0.0083,
252.7365,1.7950,-0.4050,9.1752,-0.0826,-0.0149,
252.8563,1.8099,-0.3719,9.1956,-0.0826,-0.0152,
252.9761,1.8037,-0.3512,9.1763,-0.0826,-0.0207,
253.0960,1.8496,-0.3802,9.2033,-0.0826,-0.0145,
253.2158,1.8512,-0.3471,9.2713,-0.0826,-0.0114,
253.3357,1.8215,-0.3499,9.2961,-0.0826,-0.0083,
253.4555,1.8430,-0.3058,9.2479,-0.0826,-0.0083,
253.5753,1.8623,-0.3248,9.2479,-0.0826,-0.0083,
253.6952,1.8264,-0.3438,9.2727,-0.0826,-0.0083,
253.8150,1.9769,-0.4380,9.6129,-0.0826,0.0000,
253.9348,1.9656,-0.5455,9.5055,-0.0826,-0.0028,0.0165
254.0547,1.6667,-0.6281,8.9862,-0.0744,-0.0269,0.0083
254.1745,1.6116,-0.5930,9.1942,-0.0661,-0.0207,0.0000
254.2944,1.7287,-0.4504,9.3650,-0.0716,-0.0099,
254.4142,1.7868,-0.3802,9.3719,-0.0771,-0.0066,
254.5340,1.7521,-0.3926,9.2959,-0.0785,-0.0083,
254.6539,1.7901,-0.3884,9.2665,-0.0799,-0.0083,
254.7737,1.8446,-0.3843,9.2496,-0.0813,-0.0083,
254.8935,1.8278,-0.3368,9.2975,-0.0826,-0.0083,
255.0134,1.7851,-0.3306,9.3127,-0.0826,-0.0083,
255.1332,1.8512,-0.3636,9.3003,-0.0826,-0.0083,
255.2531,1.9298,-0.4545,9.4339,-0.0694,-0.0083,
255.3729,1.7893,-0.4690,9.2066,-0.0744,-0.0207,
255.4927,1.6901,-0.2397,8.2328,-0.0764,-0.0364,
255.6126,1.8562,-0.2182,8.5818,-0.0785,-0.0186,0.0000
255.7324,1.9504,-0.4463,9.6215,-0.0806,0.0165,
255.8522,1.9022,-0.3967,9.5716,-0.0826,-0.0116,
255.9721,1.9008,-0.2851,9.3058,-0.0826,-0.0165,
256.0919,1.9240,-0.2755,9.1653,-0.0826,-0.0083,
256.2118,1.9490,-0.3802,9.0744,-0.0826,-0.0083,
256.3316,2.0496,-0.4050,9.1405,-0.0826,-0.0248,
256.4514,2.2135,-0.4298,9.1391,-0.0826,-0.0083,
256.5713,2.1970,-0.4545,9.1956,-0.0826,-0.0083,
256.6911,2.1212,-0.4793,9.2211,,-0.0083,
256.8109,2.1198,-0.4752,9.0895,,-0.0207,
256.9308,2.1636,-0.4752,9.0165,,-0.0165,
257.0506,2.2149,-0.4669,9.1377,,-0.0083,
257.1704,2.3237,-0.3802,9.5413,,-0.0083,
257.2903,2.1322,-0.4793,9.2011,-0.0744,-0.0083,
257.4101,2.0317,-0.5785,8.8030,-0.0744,-0.0207,
257.5300,2.2463,-0.4766,9.1212,-0.0744,-0.0165,
257.6498,2.2975,-0.4008,9.2744,-0.0744,-0.0083,
257.7696,2.2314,-0.4132,9.0386,-0.0744,-0.0331,
257.8895,2.2595,-0.4256,8.9394,-0.0771,-0.0165,
258.0093,2.3008,-0.5455,9.1708,-0.0799,-0.0083,
258.1291,2.2595,-0.5262,9.1543,-0.0826,-0.0110,
258.2490,2.2446,-0.5372,9.2149,-0.0826,-0.0083,
258.3688,2.1956,-0.5950,9.2039,-0.0826,0.0000,
258.4887,2.1488,-0.6570,8.9738,-0.0826,0.0000,
258.6085,2.1752,-0.6694,8.9934,-0.0826,0.0000,
258.7283,2.0413,-0.5124,9.1388,-0.0826,-0.0099,
258.8482,1.7906,-0.4364,9.2039,-0.0826,-0.0110,
258.9680,1.6397,-0.4876,9.1777,-0.0826,0.0000,
259.0878,1.6116,-0.4835,9.3223,-0.0826,0.0000,
259.2077,1.5934,-0.4793,9.6694,-0.0716,0.0083,0.0000
259.3275,1.5488,-0.4380,9.7488,-0.0716,0.0165,
259.4474,1.5273,-0.3967,9.5358,-0.0716,-0.0083,
259.5672,1.4793,-0.3533,9.3967,-0.0716,-0.0083,
259.6870,1.2744,-0.1736,9.1174,-0.0716,-0.0083,
259.8069,1.2837,-0.1736,8.8678,-0.0799,-0.0303,
259.9267,1.5289,-0.3223,9.0041,-0.0716,-0.0303,
260.0465,1.5240,-0.2603,9.4311,-0.0331,-0.0055,
260.1664,1.4810,-0.1983,9.5950,-0.0393,-0.0110,
260.2862,1.4807,-0.1198,9.1625,-0.0992,-0.0496,
260.4061,1.5256,-0.0413,8.7713,-0.1322,-0.0413,0.0165
260.5259,1.5744,-0.2909,9.1143,-0.1322,0.0110,0.0083
260.6457,1.2347,-0.4504,9.6992,-0.1074,0.0231,0.0000
260.7656,1.4529,-0.3926,9.6132,-0.0744,-0.0186,-0.0083
260.8854,1.4752,-0.3120,9.1983,-0.0758,-0.0331,-0.0165
261.0052,1.5992,-0.0992,9.2645,-0.0771,-0.0041,
261.1251,1.5661,-0.1612,9.4738,-0.0882,0.0066,
261.2449,1.4807,-0.1873,9.2410,-0.0992,-0.0083,
261.3647,1.4814,-0.2050,9.2039,-0.0771,-0.0275,
261.4846,1.6033,-0.1636,9.3471,-0.0771,-0.0138,
261.6044,1.6364,-0.0826,9.1273,-0.1102,-0.0207,
261.7243,1.6364,-0.2355,9.0711,-0.1157,-0.0331,
261.8441,1.6736,-0.3994,9.4008,-0.0992,0.0017,
261.9639,1.1267,-0.4545,9.6928,-0.0909,0.0165,-0.0165
262.0838,1.6860,-0.4711,9.6171,-0.0826,-0.0083,-0.0165
262.2036,1.6579,-0.4174,9.3926,-0.0716,-0.0165,-0.0165
262.3234,1.6298,-0.3636,9.1501,-0.0730,-0.0165,-0.0165
262.4433,1.3981,-0.2583,8.9289,-0.0744,-0.0331,-0.0165
262.5631,1.8132,-0.2782,8.9207,-0.0764,-0.0364,-0.0124
262.6830,1.9686,-0.3719,9.2000,-0.0785,-0.0055,-0.0083
262.8028,2.0411,-0.5124,9.3989,-0.0806,0.0055,-0.0041
262.9226,2.0432,-0.5364,9.3212,-0.0826,-0.0027,0.0000
263.0425,2.1344,-0.5598,9.1421,-0.0826,-0.0331,
263.1623,2.2035,-0.4959,9.0840,-0.0950,-0.0083,
263.2821,2.2492,-0.4799,9.2338,-0.1074,-0.0069,
263.4020,2.1815,-0.6332,9.2157,-0.1095,-0.0106,
263.5218,2.0286,-0.7660,9.0489,-0.0744,-0.0122,
263.6417,1.6040,-0.6586,8.9986,-0.0744,-0.0304,-0.0165
263.7615,2.1093,-0.4928,9.1511,-0.0826,-0.0174,0.0000
263.8813,2.0945,-0.5600,9.4614,-0.0839,0.0201,0.0000
264.0012,1.9207,-0.7518,9.6441,-0.0851,0.0238,0.0000
264.1210,1.8734,-0.7523,9.3792,-0.0661,-0.0116,0.0000
264.2408,1.8296,-0.5522,9.1167,-0.0567,-0.0165,0.0000
264.3607,1.7564,-0.2397,8.9372,-0.0685,-0.0331,0.0000
264.4805,1.3978,-0.2199,9.0850,-0.0732,-0.0183,0.0000
264.6003,1.7475,-0.3404,9.3872,-0.0779,-0.0078,
264.7202,1.7770,-0.3774,9.3646,-0.0826,-0.0078,
264.8400,1.7691,-0.3364,9.1926,-0.0826,-0.0139,
264.9599,1.7812,-0.3009,9.1349,-0.0826,-0.0138,
265.0797,1.8175,-0.3489,9.1679,-0.0826,-0.0078,
265.1995,1.7831,-0.3585,9.1550,,-0.0077,
265.3194,1.7753,-0.3681,9.0565,,-0.0138,
265.4392,1.8512,-0.3802,9.0736,,-0.0165,
265.5590,1.8954,-0.4113,9.1456,,-0.0090,
265.6789,1.8911,-0.4554,9.1607,,-0.0076,
265.7987,1.8635,-0.5465,9.1788,-0.1132,-0.0205,
265.9186,1.8280,-0.6944,9.2516,-0.1027,-0.0110,
266.0384,1.9040,-0.6887,9.4587,-0.0922,-0.0071,
266.1582,2.0587,-0.5865,9.4945,-0.0802,-0.0041,
266.2781,2.0358,-0.5620,9.4652,-0.0567,0.0106,-0.0142
266.3979,1.9618,-0.5000,9.3791,-0.0567,-0.0203,-0.0165
266.5177,2.0376,-0.4010,9.1195,-0.0768,-0.0284,-0.0142
266.6376,2.1489,-0.4099,9.1441,-0.0826,-0.0083,
266.7574,2.1833,-0.4699,9.3083,-0.0885,-0.0083,
266.8773,2.1473,-0.4711,9.1467,-0.0943,-0.0275,
266.9971,2.1347,-0.4894,9.0033,-0.0897,-0.0189,
267.1169,2.2159,-0.5248,9.1715,-0.0868,-0.0116,
267.2368,2.2103,-0.5540,9.2963,-0.0839,-0.0116,
267.3566,2.2157,-0.5265,9.1871,-0.0839,-0.0220,
267.4764,2.2595,-0.4840,9.0835,-0.0839,-0.0220,
267.5963,2.2276,-0.4929,9.0933,-0.0851,-0.0248,
267.7161,2.2154,-0.4894,9.0822,-0.0851,-0.0248,
267.8360,2.3316,-0.5088,9.0700,-0.0851,-0.0236,
267.9558,2.3054,-0.4821,8.9433,-0.0943,-0.0213,
268.0756,2.1863,-0.4553,8.6599,-0.0943,-0.0154,
268.1955,2.3027,-0.4166,8.9347,-0.0943,-0.0100,
268.3153,2.3461,-0.4295,9.1999,-0.0943,-0.0159,
268.4351,2.3165,-0.3191,9.0701,-0.0943,-0.0189,
268.5550,2.2474,-0.3759,9.0919,-0.0943,-0.0170,
268.6748,2.1843,-0.4539,9.0589,-0.0943,-0.0198,
268.7946,2.2340,-0.4681,9.0685,-0.0943,-0.0170,
268.9145,2.2376,-0.4752,9.1400,-0.0943,-0.0161,
269.0343,2.2266,-0.4779,9.0611,-0.0851,-0.0254,
269.1542,2.2547,-0.5168,9.0422,-0.0897,-0.0177,
269.2740,2.2769,-0.5937,9.2469,-0.0943,-0.0047,
269.3938,2.2487,-0.6277,9.3746,-0.0851,0.0000,
269.5137,2.1383,-0.6663,9.2198,-0.0851,-0.0043,
269.6335,2.1243,-0.6366,9.0756,-0.0851,-0.0213,
269.7533,2.3221,-0.5018,9.1163,-0.0638,-0.0213,
269.8732,2.3648,-0.4557,9.2548,-0.0804,-0.0057,0.0000
269.9930,1.8390,-0.4823,9.3663,-0.0811,0.0024,-0.0094
270.1129,2.0859,-0.0567,9.2600,-0.0709,-0.0099,0.0000
270.2327,2.1028,-0.5319,9.0646,-0.0638,-0.0266,
270.3525,2.1986,-0.6282,9.0729,-0.0851,-0.0173,
270.4724,2.1737,-0.6253,9.1600,-0.0943,-0.0094,
270.5922,2.2488,-0.7224,9.2486,-0.0943,-0.0205,
270.7120,2.2212,-0.7553,9.2486,-0.0943,-0.0207,
270.8319,2.1441,-0.7472,9.2079,-0.0943,-0.0047,
270.9517,2.2020,-0.7128,9.1784,-0.0967,-0.0047,
271.0716,2.1503,-0.6484,9.0747,-0.0992,-0.0100,
271.1914,1.6833,-1.4544,8.9547,-0.1794,-0.0047,0.0614
271.3112,1.6813,-2.9086,8.5177,-0.2021,-0.0213,0.1640
271.4311,1.0676,-3.0099,8.8661,-0.1064,-0.0213,0.2181
271.5509,1.6936,-3.0511,9.6106,0.0816,-0.0213,0.0984
271.6707,2.2383,-0.4617,9.6128,0.0248,-0.0383,-0.0851
271.7906,2.1872,1.5234,9.2915,-0.0319,-0.0426,-0.1170
271.9104,2.7951,1.8490,9.1424,-0.1170,-0.0232,-0.0851
272.0303,0.7993,0.9155,9.0666,-0.1489,-0.0197,-0.0739
272.1501,2.3642,0.2243,9.0502,-0.1277,0.0000,-0.0600
272.2699,1.5690,-0.1107,9.2549,-0.1064,0.0000,-0.0390
272.3898,1.5714,-0.1655,9.4639,-0.0709,0.0000,-0.0407
272.5096,1.8615,-0.2204,9.2440,-0.0750,0.0000,-0.0443
272.6294,2.4427,-0.2635,8.9858,-0.0638,-0.0295,-0.0331
272.7493,2.4512,-0.2713,9.3529,-0.0674,-0.0165,-0.0331
272.8691,2.3262,-0.0479,9.2326,-0.0709,-0.0173,-0.0331
272.9889,2.4223,-0.0284,9.0708,-0.0745,-0.0181,-0.0331
273.1088,2.3480,-0.0744,9.3510,-0.0851,-0.0165,-0.0331
273.2286,2.2398,-0.0717,8.9285,-0.0835,-0.0215,-0.0275
273.3485,2.1585,-0.0797,8.8293,-0.0913,-0.0323,-0.0220
273.4683,2.1128,-0.1572,8.8757,-0.0992,-0.0252,-0.0165
273.5881,2.1276,-0.1968,8.9830,-0.1043,-0.0242,-0.0124
273.7080,2.0697,-0.2451,9.0990,-0.1095,-0.0161,-0.0083
273.8278,1.9421,-0.3788,9.1593,-0.1064,-0.0161,-0.0041
273.9476,1.9024,-0.4401,9.2177,-0.0992,-0.0059,0.0000
274.0675,1.8949,-0.3262,9.2837,-0.1132,0.0000,0.0000
274.1873,1.8709,-0.4319,9.2210,-0.1110,-0.0053,0.0000
274.3072,1.8753,-0.5251,9.1733,-0.1110,-0.0207,0.0000
274.4270,1.8689,-0.5642,9.0401,-0.0998,-0.0027,0.0000
274.5468,1.8146,-0.7705,9.2049,-0.0886,0.0033,0.0000
274.6667,1.8241,-0.8727,9.3973,-0.0773,0.0000,0.0000
274.7865,1.3751,-0.8204,9.2480,-0.0661,-0.0136,0.0000
274.9063,1.4639,-0.7032,9.1011,-0.0851,-0.0287,0.0000
275.0262,1.7683,-0.5768,9.0382,-0.0943,-0.0307,0.0000
275.1460,1.8566,-0.4968,9.1717,-0.0849,-0.0291,0.0000
275.2659,1.9292,-0.5849,9.3444,-0.0755,-0.0038,
275.3857,1.9415,-0.6074,9.4373,-0.0661,0.0000,
275.5055,1.9601,-0.3815,9.5630,-0.0716,-0.0148,
275.6254,1.8493,-0.5667,9.3762,-0.0826,-0.0151,
275.7452,1.7814,-0.4959,9.0639,-0.1062,-0.0197,
275.8650,1.9157,-0.5187,9.0185,-0.1022,-0.0362,0.0000
275.9849,2.0533,-0.6542,9.2076,-0.0983,-0.0295,0.0000
276.1047,1.7749,-0.6362,9.3499,-0.0943,-0.0059,-0.0083
276.2245,2.2394,-0.8629,9.5767,-0.0631,0.0153,-0.0062
276.3444,2.2431,-0.8200,9.5516,-0.0319,-0.0017,-0.0041
276.4642,2.1661,-0.5402,9.0459,-0.0502,-0.0236,-0.0021
276.5841,2.1494,-0.4095,8.9235,-0.0685,-0.0472,0.0000
276.7039,2.0781,-0.6083,8.9379,-0.0743,-0.0331,0.0000
276.8237,2.0673,-0.5220,8.7520,-0.0802,-0.0189,0.0000
276.9436,2.1459,-0.6227,8.9289,-0.0790,-0.0153,0.0000
277.0634,2.1472,-0.4963,9.3095,-0.0779,-0.0153,0.0000
277.1832,2.0564,-0.4434,9.1695,,-0.0126,0.0000
277.3031,1.9721,-0.4687,9.0916,,-0.0184,0.0000
277.4229,1.9092,-0.4790,9.1573,,-0.0140,0.0000
277.5428,1.8590,-0.4623,9.2199,,-0.0153,
277.6626,1.8608,-0.4319,9.2291,,-0.0167,
277.7824,1.8455,-0.4916,9.1893,,-0.0167,
277.9023,1.9251,-0.6318,9.0145,-0.0943,-0.0171,
278.0221,2.0130,-0.5777,9.0783,-0.0943,-0.0228,
278.1419,1.9630,-0.3774,9.2347,-0.0943,-0.0241,
278.2618,1.9644,-0.3854,9.1818,-0.0943,-0.0185,
278.3816,1.9646,-0.5050,9.0153,-0.0943,-0.0185,
278.5015,1.9429,-0.5211,8.9865,-0.0943,-0.0295,
278.6213,2.0057,-0.5372,9.0993,-0.0943,-0.0224,
278.7411,2.0472,-0.5692,9.2245,-0.0943,-0.0189,
278.8610,2.0094,-0.5912,9.3239,-0.1006,-0.0094,
278.9808,2.0212,-0.6195,9.4198,-0.1038,-0.0113,
279.1006,2.0623,-0.7075,9.4638,-0.1038,-0.0063,
279.2205,1.9544,-1.0991,9.3538,-0.1038,0.0031,0.0377
279.3403,1.1761,-1.6179,9.2280,-0.1132,-0.0126,0.0528
279.4602,1.1651,-1.5453,9.0550,-0.0755,-0.0283,0.0472
279.5800,1.6101,-0.7877,9.0440,-0.0660,-0.0346,0.0094
279.6998,2.0943,0.0189,8.9566,-0.0566,-0.0377,-0.0015
279.8197,2.2318,-0.1195,9.2026,-0.0943,-0.0368,-0.0124
279.9395,1.8837,-0.4553,9.5522,-0.0943,0.0006,-0.0233
280.0593,1.3017,-0.5969,9.6333,-0.0566,0.0224,-0.0342
280.1792,2.0753,-0.6159,9.6287,-0.0566,0.0055,-0.0377
280.2990,2.0033,-0.4811,9.1463,-0.0755,-0.0297,-0.0189
280.4188,1.9344,-0.5849,8.9483,-0.0943,-0.0244,0.0000
280.5387,1.8891,-0.7992,9.0717,-0.0885,-0.0171,0.0000
280.6585,1.8318,-0.8491,9.1371,-0.0826,-0.0151,0.0165
280.7784,1.0702,-0.8283,9.1857,-0.0826,-0.0167,0.0033
280.8982,0.8774,-0.8231,9.1546,-0.0826,-0.0165,0.0055
281.0180,1.1951,-0.8392,9.1787,-0.0826,-0.0165,0.0055
281.1379,1.8170,-0.8731,9.3366,-0.0826,-0.0181,0.0177
281.2577,1.7293,-0.8493,9.3022,-0.0826,-0.0189,0.0189
281.3775,0.5620,-0.8255,9.1129,-0.0661,-0.0179,0.0189
281.4974,0.9867,-0.8585,9.0028,-0.0716,-0.0324,0.0189
281.6172,0.9795,-0.9057,8.7806,-0.0771,-0.0354,0.0189
281.7371,1.3759,-0.8584,8.9617,-0.0826,-0.0173,0.0165
281.8569,1.7547,-0.7440,9.3280,-0.0856,-0.0113,0.0041
281.9767,1.6985,-0.6260,9.2166,-0.0885,-0.0177,0.0041
282.0966,1.6640,-0.6646,9.0570,-0.0914,-0.0346,0.0000
282.2164,1.6826,-0.6899,9.1701,-0.0943,-0.0158,0.0000
282.3362,1.6613,-0.5280,9.5268,-0.0943,0.0087,0.0000
282.4561,1.5929,-0.5511,9.7263,-0.0943,0.0130,0.0000
282.5759,1.5131,-0.6550,9.7564,-0.0685,0.0099,0.0000
282.6958,1.5178,-0.7416,9.6375,-0.0331,0.0000,-0.0028
282.8156,1.5918,-0.5356,9.3947,-0.0351,-0.0102,-0.0055
282.9354,1.3966,-0.3302,9.1767,-0.0372,-0.0205,-0.0083
283.0553,1.7935,-0.4655,8.9790,-0.0904,-0.0307,0.0000
283.1751,1.7939,-0.7070,9.2049,-0.0826,0.0000,-0.0055
283.2949,1.7893,-0.8104,9.4642,-0.0370,-0.0110,-0.0110
283.4148,1.8822,-0.5028,9.1342,-0.0562,-0.0331,-0.0165
283.5346,1.7093,-0.2172,9.0828,-0.0755,-0.0377,0.0000
283.6545,2.0770,-0.1791,9.0416,-0.0814,-0.0340,0.0000
283.7743,1.6312,-0.3930,8.7661,-0.0779,-0.0444,-0.0038
283.8941,1.4272,-0.3954,8.7360,-0.0744,-0.0496,-0.0165
284.0140,2.2707,-0.3155,9.0269,-0.0755,-0.0215,-0.0165
284.1338,2.4552,-0.2500,9.7296,-0.0661,0.0000,-0.0189
284.2536,2.3701,-0.3016,9.6664,-0.0826,0.0215,0.0000
284.3735,2.1228,-0.3531,9.3427,-0.0992,0.0065,0.0000
284.4933,2.1572,-0.5669,9.2235,-0.0744,-0.0331,0.0000
284.6131,2.4231,-0.3884,9.0050,-0.0909,0.0021,0.0000
284.7330,2.0975,-0.3041,9.4397,-0.0826,0.0165,0.0000
284.8528,2.5025,-0.5579,9.3438,-0.0992,0.0028,0.0000
284.9727,2.3278,-0.6364,8.4463,-0.1488,-0.0565,0.0083
285.0925,1.9697,-0.6860,8.0909,-0.0716,-0.0992,-0.0066
285.2123,2.7893,-0.7107,8.9669,-0.0207,-0.0537,-0.0248
285.3322,2.5895,-0.4198,10.0606,-0.0331,0.0595,-0.0207
285.4520,2.9477,-0.2293,9.6997,-0.1157,0.0298,0.0000
285.5718,2.6661,-0.5537,8.6298,-0.1157,-0.0430,0.0083
285.6917,2.6959,-0.5692,8.4579,-0.1157,-0.0430,0.0000
285.8115,2.8099,-0.5847,8.8050,-0.1157,-0.0083,0.0000
285.9314,2.8802,-0.5730,8.9132,-0.1157,-0.0303,0.0000
286.0512,2.9901,-0.7452,9.0083,-0.1047,-0.0298,0.0000
286.1710,2.6185,-0.8595,9.4408,-0.0937,0.0446,-0.0165
286.2909,3.0358,-0.7121,9.7479,-0.0854,0.0496,-0.0165
286.4107,2.9215,-0.6281,9.4353,-0.0771,-0.0116,-0.0165
286.5305,3.0000,-0.6281,8.9022,-0.0826,-0.0331,-0.0165
286.6504,3.0413,-0.6529,8.7719,-0.0716,-0.0331,
286.7702,3.1240,-0.6116,8.8494,-0.0702,-0.0165,
286.8901,3.1167,-0.5623,8.9270,-0.0702,-0.0161,
287.0099,3.0593,-0.6017,9.0252,-0.0702,-0.0161,
287.1297,3.0809,-0.6107,9.1417,-0.0702,-0.0081,
287.2496,3.0673,-0.4584,9.0351,-0.0737,-0.0150,
287.3694,3.0455,-0.5937,8.9803,-0.0782,-0.0161,
287.4892,3.0785,-0.6026,8.9941,-0.0826,-0.0161,
287.6091,3.1045,-0.6116,9.0368,-0.0826,-0.0120,
287.7289,2.9483,-0.5702,8.9358,-0.0826,-0.0080,
287.8487,2.8932,-0.5782,8.8895,-0.0826,-0.0055,
287.9686,3.0765,-0.6546,8.6775,-0.0826,-0.0331,
288.0884,3.1642,-0.6280,8.7093,-0.0826,-0.0110,
288.2083,3.1019,-0.6681,9.1274,-0.0826,-0.0067,
288.3281,3.0646,-0.6735,9.1570,-0.0826,-0.0083,
288.4479,3.0421,-0.6790,9.0626,,-0.0079,
288.5678,3.0624,-0.7025,9.1189,,-0.0079,
288.6876,3.0434,-0.7535,8.9500,,-0.0102,
288.8074,3.0183,-0.6887,8.9029,,-0.0319,0.0000
288.9273,1.0095,-0.6820,8.9780,-0.0851,-0.0183,0.0000
289.0471,3.0770,-0.6835,8.9497,,-0.0053,
289.1670,3.0549,-0.6002,9.1459,,-0.0083,
289.2868,3.0078,-0.6196,9.1193,,-0.0077,
289.4066,3.0242,-0.6618,9.0447,,-0.0077,
289.5265,2.9981,-0.6639,9.0064,,-0.0077,
289.6463,3.0083,-0.6126,8.9764,,-0.0076,
289.7661,3.0298,-0.6341,9.0007,,-0.0165,
289.8860,2.9582,-0.6566,8.9947,-0.0851,-0.0165,
290.0058,2.9703,-0.6277,8.9720,-0.0851,-0.0090,
290.1257,3.0982,-0.6464,8.9116,-0.0851,-0.0102,
290.2455,3.3117,-0.6454,8.9832,-0.0851,-0.0136,
290.3653,3.3068,-0.8246,9.1018,-0.0780,-0.0024,
290.4852,3.2969,-0.7028,9.1262,-0.0709,0.0151,-0.0142
290.6050,3.2690,-0.6508,9.0406,-0.0638,0.0009,-0.0142
290.7248,3.2576,-0.5885,8.9504,-0.0567,-0.0208,-0.0146
290.8447,3.3259,-0.5069,8.8592,-0.0780,-0.0293,-0.0150
290.9645,3.3598,-0.6254,8.8154,-0.0993,-0.0292,-0.0142
291.0844,3.4119,-0.7100,8.8615,-0.0922,-0.0132,
291.2042,3.3973,-0.7447,8.9064,-0.0851,-0.0073,
291.3240,3.4139,-0.7447,9.0167,-0.0839,-0.0073,
291.4439,3.4441,-0.7447,9.0550,-0.0826,-0.0073,
291.5637,3.4328,-0.7541,8.9510,,-0.0073,
291.6835,3.4553,-0.7494,8.9433,,-0.0071,
291.8034,3.4610,-0.7660,8.9518,,-0.0071,
291.9232,3.4057,-0.7258,8.9163,,-0.0118,
292.0430,3.4799,-0.7447,9.0213,,-0.0142,
292.1629,3.4421,-0.6974,8.8948,,-0.0095,
292.2827,3.3050,-0.6809,8.7624,,-0.0099,
292.4026,3.3433,-0.7376,9.1206,,-0.0142,
292.5224,3.3631,-0.7447,9.1797,-0.0851,-0.0142,
292.6422,3.3021,-0.7677,8.8170,,-0.0071,
292.7621,3.2865,-0.7908,8.8284,,-0.0071,
292.8819,3.3291,-0.7801,9.0851,,-0.0071,
293.0017,3.3688,-0.7589,9.0603,,-0.0083,
293.1216,3.3404,-0.8191,8.9669,,-0.0071,
293.2414,3.2794,-0.8109,8.9078,,-0.0083,
293.3613,3.3050,-0.7920,8.9716,,-0.0077,
293.4811,3.3097,-0.7730,9.0768,,-0.0071,
293.6009,3.1986,-0.7849,9.0378,,-0.0059,
293.7208,3.1720,-0.7730,8.9447,,-0.0071,
293.8406,3.1376,-0.6255,8.8723,,-0.0095,
293.9604,3.0496,-0.6085,8.9799,-0.0851,-0.0083,
294.0803,2.9846,-0.7465,9.1844,-0.0851,-0.0071,
294.2001,2.9657,-0.5674,9.1383,-0.0709,-0.0083,
294.3200,3.0241,-0.6418,9.0201,-0.0709,-0.0083,
294.4398,3.0142,-0.6472,8.9137,,-0.0083,
294.5596,2.9787,-0.6950,8.9480,,0.0000,
294.6795,2.9929,-0.7494,9.1333,,0.0000,
294.7993,3.0018,-0.7589,9.1262,,-0.0085,
294.9191,2.9787,-0.6950,8.9915,,-0.0085,
295.0390,2.9333,-0.6879,8.9787,,-0.0059,
295.1588,2.9050,-0.6525,9.0426,,-0.0083,
295.2787,2.9078,-0.6619,9.0745,,,
295.3985,2.9475,-0.7199,9.0485,,,
295.5183,2.9752,-0.7376,9.0539,,,
295.6382,2.9957,-0.7092,9.0567,,,
295.7580,2.9734,-0.7163,9.0241,,,
295.8778,2.9206,-0.7163,9.0301,,,
295.9977,2.9362,-0.6856,9.0780,,-0.0085,
296.1175,2.9811,-0.6832,9.0674,,-0.0083,
296.2373,2.8901,-0.6832,9.0165,,-0.0083,
296.3572,2.6537,-0.5863,9.0615,,-0.0059,
296.4770,2.4693,-0.5922,9.1501,,-0.0047,
296.5969,2.3617,-0.5993,9.1678,,-0.0035,
296.7167,2.3177,-0.5638,9.1809,,-0.0043,
296.8365,2.2454,-0.5083,9.1915,,-0.0043,
296.9564,2.1738,-0.4574,9.1915,,-0.0047,
297.0762,2.1390,-0.4704,9.1868,,-0.0047,
297.1960,2.1241,-0.5319,9.2069,,-0.0047,
297.3159,2.1430,-0.5225,9.2128,,-0.0071,
297.4357,2.1291,-0.4870,9.1915,,-0.0076,
297.5556,2.1194,-0.5035,9.2317,,-0.0080,
297.6754,2.1046,-0.4965,9.1901,,-0.0085,
297.7952,2.0879,-0.4988,9.1745,,-0.0085,
297.9151,2.0936,-0.5248,9.2199,,-0.0085,
298.0349,2.0993,-0.5018,9.2045,,-0.0047,
298.1547,2.0993,-0.4704,9.1986,,-0.0083,
298.2746,2.0809,-0.5106,9.2222,,-0.0083,
298.3944,2.0255,-0.4894,9.2222,,-0.0071,
298.5143,1.9196,-0.4019,9.2057,,-0.0083,
298.6341,1.6442,-0.3369,9.2482,,-0.0018,
298.7539,1.3872,-0.3262,9.3319,,-0.0009,
298.8738,1.1830,-0.3002,9.3759,,0.0000,
298.9936,1.0709,-0.2411,9.3842,,-0.0047,
299.1134,1.0496,-0.1962,9.3688,,-0.0047,
299.2333,1.0255,-0.1702,9.3440,,-0.0047,
299.3531,0.9385,-0.1933,9.3830,,-0.0047,
299.4729,0.8312,-0.1749,9.4397,,-0.0047,
299.5928,0.7362,-0.1206,9.4610,,-0.0047,
299.7126,0.6950,-0.1277,9.4738,,-0.0057,
299.8325,0.7078,-0.1250,9.4567,,-0.0057,
299.9523,0.6952,-0.1223,9.4527,,-0.0059,
300.0721,0.6826,-0.0709,9.4610,,-0.0071,
300.1920,0.6206,-0.0957,9.4149,-0.0851,-0.0059,
300.3118,0.6170,-0.1596,9.4610,-0.0780,-0.0059,
300.4316,0.6128,-0.0745,9.4645,-0.0709,-0.0071,
300.5515,0.6340,-0.0652,9.4043,-0.0709,-0.0083,
300.6713,0.6879,-0.1028,9.4284,-0.0851,-0.0095,
300.7912,0.7248,-0.1797,9.4227,-0.0851,-0.0089,
300.9110,0.8198,-0.2660,9.4225,-0.0795,-0.0083,
301.0308,1.0644,-0.1596,9.4174,-0.0739,-0.0130,
301.1507,1.1491,-0.1815,9.3484,-0.0756,-0.0098,
301.2705,0.9978,-0.1439,9.3555,-0.0993,-0.0021,
301.3903,0.9935,-0.3492,9.5196,-0.0945,0.0061,
301.5102,0.9584,-0.2086,9.5728,-0.0739,0.0142,-0.0142
301.6300,0.7469,0.0370,9.2548,-0.0729,-0.0095,-0.0390
301.7499,0.8469,0.2361,9.2955,-0.0719,-0.0213,-0.0638
301.8697,1.3671,0.4179,9.6183,-0.0709,-0.0331,-0.0887
301.9895,1.8876,0.4752,9.6646,-0.0826,-0.0299,-0.1135
302.1094,1.8407,0.4823,9.1803,-0.0851,-0.0189,-0.1277
302.2292,2.3673,0.5638,8.9347,-0.0851,0.0000,-0.1527
302.3490,2.4485,0.7255,9.2170,-0.0567,-0.0047,-0.1890
302.4689,2.5898,1.0442,9.2174,-0.1032,-0.0154,-0.1986
302.5887,2.2377,1.1321,9.1570,-0.1135,-0.0331,-0.2278
302.7086,2.1268,1.0437,9.0789,-0.1277,-0.0130,-0.2535
302.8284,1.1970,0.9953,8.9773,-0.0851,-0.0151,-0.2747
302.9482,2.7651,1.0827,9.0307,-0.0993,-0.0307,-0.2944
303.0681,1.3157,1.4440,9.1638,-0.1157,-0.0255,-0.3157
303.1879,3.0455,1.6122,9.1766,-0.1524,-0.0106,-0.3284
303.3077,1.8893,1.5416,8.9726,-0.1736,0.0000,-0.3355
303.4276,3.0851,1.3617,9.0904,-0.1362,0.0000,-0.3621
303.5474,3.1816,1.4266,9.2717,-0.1177,0.0000,-0.3811
303.6672,2.4772,1.6717,9.0609,-0.0992,-0.0090,-0.3969
303.7871,2.5751,1.9020,8.9506,-0.1240,-0.0038,-0.4125
303.9069,3.1854,2.1099,9.0241,-0.1488,0.0195,-0.4276
304.0268,2.8173,1.9749,9.0937,-0.1736,0.0264,-0.4501
304.1466,0.7573,1.8252,9.2136,-0.1488,0.0004,-0.4759
304.2664,2.7875,1.9684,9.2803,-0.1489,-0.0157,-0.4748
304.3863,2.8905,2.0992,9.3252,-0.1453,-0.0157,-0.4628
304.5061,2.1340,2.0508,9.1116,-0.1418,0.0083,-0.4628
304.6259,1.5035,1.8509,9.1087,-0.1382,0.0157,-0.4776
304.7458,2.4639,2.0016,9.0864,-0.1488,0.0165,-0.4793
304.8656,2.5279,2.2479,9.1358,-0.1659,0.0000,-0.4701
304.9855,2.4745,2.0177,9.2375,-0.1831,0.0000,-0.4683
305.1053,0.9158,1.8285,9.1943,-0.1630,0.0000,-0.4775
305.2251,2.3275,1.7603,9.4427,-0.1322,-0.0161,-0.4799
305.3450,1.4257,2.2516,9.1446,-0.1433,-0.0038,-0.4765
305.4648,1.7267,2.4317,8.5804,-0.1736,-0.0083,-0.4683
305.5846,1.9672,2.1280,8.6777,-0.1570,-0.0463,-0.4988
305.7045,1.6215,2.0661,9.2331,-0.1405,-0.0992,-0.5058
305.8243,2.5306,-0.1488,9.7223,-0.1405,-0.1157,-0.4711
305.9442,2.6793,2.1460,9.4477,-0.1405,-0.0661,-0.4463
306.0640,2.4339,2.2066,8.8072,-0.1405,0.0220,-0.4463
306.1838,1.6488,2.2355,8.6873,-0.0826,0.0496,-0.4661
306.3037,1.5937,2.4579,9.2273,-0.0826,0.0179,-0.4661
306.4235,2.1736,2.5174,9.7906,-0.1570,-0.0523,-0.4331
306.5433,1.3678,2.2876,9.3650,,-0.0661,-0.3934
306.6632,1.6050,1.8017,8.9752,,-0.0165,-0.3581
306.7830,1.8562,1.3719,9.0281,,0.0165,-0.3347
306.9029,1.3488,1.1901,9.2529,,0.0083,-0.2851
307.0227,1.0193,1.0523,9.2920,-0.1708,0.0000,-0.2231
307.1425,1.3884,0.7190,9.2231,-0.1818,-0.0083,-0.1983
307.2624,1.2893,0.4848,9.2548,-0.1543,-0.0165,-0.1763
307.3822,1.2397,0.4339,9.2658,-0.1267,-0.0207,-0.1543
307.5020,1.1702,0.6364,9.3256,-0.0992,-0.0033,-0.1322
307.6219,1.0744,0.7107,9.2438,-0.0992,0.0055,-0.1135
307.7417,1.0215,0.4364,9.3174,-0.0992,0.0000,-0.0948
307.8615,0.8264,0.1537,9.5983,-0.0992,0.0000,-0.0760
307.9814,0.9636,-0.0116,9.5028,-0.0992,0.0000,-0.0606
308.1012,0.9077,-0.1212,9.4105,-0.0744,0.0000,-0.0496
308.2211,1.0430,0.0799,9.6198,-0.0496,0.0000,-0.0380
308.3409,1.0612,0.2512,9.5055,-0.0909,0.0132,-0.0264
308.4607,1.0463,-0.0978,9.5785,-0.1074,0.0165,-0.0165
308.5806,1.0785,-0.1439,9.6791,-0.0744,-0.0062,-0.0083
308.7004,1.0744,-0.1901,9.3934,-0.0826,0.0062,0.0000
308.8202,1.0393,-0.0937,9.2893,-0.1157,0.0066,0.0000
308.9401,1.1873,-0.2948,9.6253,-0.1074,-0.0110,
309.0599,1.2548,-0.2645,9.3898,-0.0992,-0.0331,
309.1798,1.1157,-0.1880,8.7590,-0.1157,-0.0430,
309.2996,1.2094,-0.4587,9.1350,-0.1157,-0.0744,
309.4194,1.2314,-0.4504,9.3664,-0.0992,-0.0545,
309.5393,0.9683,-0.3802,9.3058,-0.0716,0.0182,-0.0165
309.6591,1.1405,-0.3678,9.4311,-0.0723,0.0413,-0.0165
309.7789,1.1702,-0.3223,9.5471,-0.0730,-0.0083,-0.0165
309.8988,0.6909,-0.3306,9.3934,-0.0737,-0.0496,-0.0165
310.0186,0.9715,-0.3696,9.1415,-0.0744,-0.0331,-0.0159
310.1385,1.2588,-0.2899,9.1159,-0.0661,-0.0331,-0.0080
310.2583,1.1271,-0.2946,9.3833,-0.0614,-0.0372,0.0000
310.3781,1.4597,-0.2005,9.3763,-0.0567,-0.0413,0.0000
310.4980,1.5446,-0.2265,9.3936,-0.0768,-0.0041,
310.6178,1.4367,-0.2384,9.5170,-0.0851,0.0000,
310.7376,1.4112,-0.2504,9.3177,-0.0851,-0.0028,
310.8575,1.5829,-0.1743,9.3509,-0.0851,-0.0124,
310.9773,1.5510,-0.3103,9.2038,-0.0851,0.0000,
311.0971,1.5281,-0.3541,9.1702,-0.0992,-0.0041,
311.2170,1.5449,-0.4525,9.3286,-0.0909,-0.0236,
311.3368,1.5271,-0.5099,9.2496,-0.0826,-0.0201,
311.4567,1.5752,-0.3866,9.3608,-0.0661,-0.0165,
311.5765,1.7688,-0.2788,9.0696,-0.0768,-0.0331,0.0000
311.6963,1.5468,-0.4142,9.0453,-0.0843,-0.0319,0.0000
311.8162,2.0526,-0.5532,9.1989,-0.0917,-0.0217,0.0000
311.9360,2.1986,-0.5620,9.1553,-0.0992,0.0000,
312.0558,2.0390,-0.6098,9.1514,-0.0833,-0.0041,
312.1757,2.1025,-0.4267,9.2366,-0.0641,-0.0077,
312.2955,2.2540,-0.3790,9.2885,-0.0449,-0.0047,
312.4154,2.2357,-0.3338,9.3656,-0.0555,-0.0142,-0.0331
312.5352,2.2707,-0.2307,9.2783,-0.0898,-0.0154,
312.6550,2.0648,-0.3341,9.1538,-0.0993,-0.0217,
312.7749,1.9121,-0.3072,9.1818,-0.0851,-0.0331,
312.8947,1.8837,-0.2950,9.1965,-0.0709,-0.0181,
313.0145,1.9163,-0.3298,9.1784,-0.0662,-0.0154,
313.1344,1.9144,-0.2008,9.1676,-0.0615,-0.0154,
313.2542,1.8854,-0.1182,9.2138,-0.0567,-0.0118,
313.3741,1.8671,-0.1647,9.1355,-0.0821,-0.0195,-0.0165
313.4939,1.9590,-0.0907,8.9602,-0.1075,-0.0205,-0.0165
313.6137,1.9604,-0.5530,9.0010,-0.0963,0.0094,0.0000
313.7336,1.8403,-0.8393,9.3407,-0.0851,0.0126,0.0165
313.8534,1.8599,-0.7369,9.5907,-0.0851,0.0000,0.0331
313.9732,1.8055,-0.9729,9.5030,-0.0898,0.0085,0.0402
314.0931,1.1502,-1.1234,9.4215,-0.0945,0.0151,0.0573
314.2129,1.7025,-1.3012,9.4369,-0.0921,0.0118,0.0685
314.3328,1.6846,-1.4315,9.3633,-0.0606,-0.0051,0.0685
314.4526,1.2092,-0.9739,9.1662,-0.0372,-0.0165,0.0685
314.5724,1.9769,-1.0606,9.0983,-0.0355,-0.0591,0.0449
314.6923,2.2311,-0.6028,9.0747,-0.0413,-0.0543,0.0307
314.8121,1.9436,-0.4427,9.1770,-0.0549,-0.0161,0.0154
314.9319,2.4794,-0.2724,9.3928,-0.0685,0.0183,0.0000
315.0518,1.8862,-0.1923,9.3051,-0.0744,0.0274,-0.0156
315.1716,2.1052,-0.1606,9.1353,-0.0567,-0.0175,-0.0291
315.2914,2.2942,0.0303,9.0271,-0.0780,-0.0491,-0.0426
315.4113,2.4657,0.0284,8.9853,-0.0851,-0.0426,-0.0496
315.5311,2.6848,0.0823,9.2627,-0.0922,-0.0031,-0.0443
315.6510,2.2903,0.1199,9.1766,-0.0993,0.0378,-0.0496
315.7708,2.5792,-0.0643,9.2940,-0.0921,0.0118,-0.0567
315.8906,2.5528,0.0704,8.9402,-0.0744,-0.0302,-0.0567
316.0105,2.5957,0.1429,8.6291,-0.0756,-0.0454,-0.0567
316.1303,2.5027,-0.0955,8.7658,-0.0753,-0.0386,-0.0567
316.2501,2.4216,-0.0322,8.8820,-0.0750,-0.0083,-0.0567
316.3700,2.2827,0.0000,9.2037,-0.0661,-0.0094,-0.0532
316.4898,2.0490,0.1940,9.2111,-0.0827,-0.0236,-0.0496
316.6097,1.9074,0.1610,9.1762,-0.0992,-0.0165,
316.7295,2.0085,0.0165,9.1391,-0.0909,-0.0331,
316.8493,2.1346,-0.0581,9.1932,-0.0826,-0.0331,
316.9692,2.1157,-0.1088,9.2053,-0.0839,-0.0182,
317.0890,2.0738,-0.2107,9.2149,-0.0992,-0.0117,
317.2088,2.0198,-0.2056,9.1384,-0.0826,-0.0053,-0.0331
317.3287,2.0717,-0.2100,9.1943,-0.0909,-0.0134,
317.4485,2.1352,-0.4256,9.1267,-0.0992,-0.0165,
317.5684,2.2380,-0.2292,9.2092,-0.1074,0.0015,
317.6882,2.2645,-0.3802,9.2727,-0.0661,0.0165,
317.8080,2.1260,-0.3244,9.3008,-0.0744,0.0058,
317.9279,1.9793,-0.1529,9.0702,-0.0992,-0.0050,
318.0477,1.9270,-0.4256,8.9807,-0.0992,-0.0372,0.0000
318.1675,2.0103,-0.3636,9.0689,-0.0744,-0.0496,0.0000
318.2874,1.6942,-0.3306,9.0179,-0.0744,-0.0331,0.0000
318.4072,2.1719,-0.5496,9.5675,-0.0413,-0.0083,0.0000
318.5271,2.2128,-0.4314,9.5950,-0.0413,0.0331,0.0000
318.6469,2.0314,-0.2645,9.4050,-0.0744,0.0413,0.0165
318.7667,1.4793,-0.3774,9.2926,-0.1074,-0.0165,0.0165
318.8866,1.1190,-0.6579,8.9736,-0.0826,-0.0289,0.0165
319.0064,2.0236,-0.6453,9.0470,-0.0638,-0.0413,0.0161
319.1262,2.2395,-0.5925,9.3080,-0.0449,0.0004,0.0142
319.2461,2.1838,-0.3982,9.4068,-0.0661,0.0242,0.0071
319.3659,1.9638,-0.4921,9.2445,-0.0750,-0.0062,0.0000
319.4857,1.6765,-0.4480,8.8416,-0.1267,-0.0323,0.0161
319.6056,2.0022,-0.1984,8.7480,-0.0937,-0.0209,0.0195
319.7254,2.0992,-0.4845,9.0928,-0.1157,-0.0094,0.0165
319.8453,1.7686,-0.5372,9.4050,-0.1095,-0.0283,0.0047
319.9651,2.3982,-0.4270,9.2311,-0.0826,-0.0172,0.0000
320.0849,2.4081,-0.3059,9.2186,-0.0744,0.0161,0.0000
320.2048,1.9219,-0.3213,9.2948,-0.0826,0.0195,0.0000
320.3246,2.2781,-0.2005,9.1622,-0.0909,-0.0083,
320.4444,2.2674,-0.1332,9.1927,-0.0992,-0.0163,
320.5643,2.3096,-0.0898,9.1833,-0.1157,-0.0194,
320.6841,2.3191,-0.0998,9.0638,-0.1074,-0.0201,
320.8040,2.3144,-0.3941,9.0647,-0.0661,-0.0331,
320.9238,2.4195,-0.2397,9.2598,-0.0992,-0.0018,-0.0165
321.0436,1.9778,-0.3963,9.4237,-0.0826,0.0321,-0.0157
321.1635,2.3068,-0.4650,9.2141,-0.0331,0.0139,-0.0161
321.2833,2.3149,-0.1007,8.9449,-0.0787,-0.0305,-0.0165
321.4031,2.4564,-0.1275,8.7371,-0.1157,-0.0630,-0.0161
321.5230,2.4631,-0.4164,8.7787,-0.0992,-0.0354,-0.0157
321.6428,2.4190,-0.4495,9.2315,-0.0714,0.0021,-0.0165
321.7627,2.2976,-0.4608,9.2650,-0.0685,0.0189,0.0000
321.8825,2.2128,-0.4996,9.1677,-0.0768,-0.0055,0.0051
322.0023,2.3188,-0.4407,9.1500,-0.0716,-0.0207,0.0102
322.1222,2.3597,-0.6629,8.8921,-0.0724,-0.0159,0.0154
322.2420,2.2911,-0.5435,8.8727,-0.0890,-0.0120,0.0161
322.3618,2.2462,-0.4661,9.1401,-0.0945,-0.0248,0.0154
322.4817,2.2128,-0.4839,8.9913,-0.0496,-0.0055,0.0077
322.6015,2.1061,-0.3802,9.2055,-0.0413,0.0159,0.0000
322.7213,1.9343,-0.2553,9.3833,-0.0780,0.0050,0.0000
322.8412,1.8694,-0.3087,9.3600,-0.0921,-0.0315,0.0000
322.9610,1.8533,-0.3669,9.1675,-0.0833,-0.0321,0.0000
323.0809,1.8866,-0.3058,9.0803,-0.0744,-0.0165,0.0000
323.2007,1.5638,-0.2087,9.4159,-0.0732,0.0161,0.0000
323.3205,1.7440,-0.1570,9.4899,-0.0716,0.0041,
323.4404,1.8719,-0.1523,9.3505,-0.0826,-0.0080,
323.5602,1.8171,-0.2488,9.2652,-0.0826,-0.0081,
323.6800,1.7468,-0.3058,9.2655,-0.0851,-0.0080,
323.7999,1.7565,-0.2683,9.1117,-0.1047,-0.0080,
323.9197,1.7378,-0.4450,9.1339,-0.1102,-0.0205,
324.0396,1.8120,-0.4810,9.3549,-0.1157,-0.0331,
324.1594,1.2580,-0.5599,9.4834,-0.0826,0.0050,0.0000
324.2792,1.5663,-0.5937,9.3464,-0.0402,0.0346,-0.0161
324.3991,1.7119,-0.5165,9.2610,-0.0331,0.0220,-0.0165
324.5189,1.4809,-0.1783,9.1637,-0.0532,0.0009,-0.0124
324.6387,1.8585,-0.0579,9.0108,-0.0740,-0.0202,0.0000
324.7586,1.8884,-0.1185,8.9835,-0.0949,-0.0413,0.0000
324.8784,1.9339,-0.2909,8.9653,-0.1157,0.0050,0.0000
324.9983,0.7603,-0.4132,9.0785,-0.0744,0.0165,0.0000
325.1181,1.8165,-0.2760,9.3526,-0.0909,0.0041,-0.0033
325.2379,1.5992,-0.2479,9.1667,-0.1074,-0.0441,-0.0066
325.3578,1.7796,-0.2942,8.7934,-0.0826,-0.0496,-0.0165
325.4776,2.1240,-0.2989,9.1143,-0.0992,0.0017,0.0000
325.5974,1.6570,-0.4545,9.5937,-0.0826,0.0529,0.0000
325.7173,1.7537,-0.4656,9.7190,-0.0702,0.0413,
325.8371,1.7624,-0.4215,9.4242,-0.0661,-0.0083,
325.9570,1.8691,-0.3074,8.9573,-0.0744,-0.0386,
326.0768,1.7769,-0.2975,8.9050,-0.0661,-0.0331,
326.1966,1.7025,-0.2507,8.9601,-0.0716,-0.0331,
326.3165,1.5620,-0.2190,9.1006,-0.0716,-0.0331,0.0000
326.4363,1.9752,-0.3905,9.2628,-0.0727,-0.0248,0.0000
326.5561,2.0441,-0.3740,9.2603,-0.0694,-0.0083,
326.6760,2.1587,-0.4711,9.1157,-0.0727,-0.0083,
326.7958,2.2500,-0.4835,8.9769,,-0.0017,
326.9156,2.1909,-0.4050,9.1608,,-0.0069,
327.0355,2.1061,-0.4408,9.0587,,-0.0142,
327.1553,2.2070,-0.4628,8.9043,,-0.0405,0.0000
327.2752,1.9246,-0.2823,9.0242,-0.1102,-0.0463,0.0000
327.3950,2.2021,-0.1705,9.1137,-0.0992,-0.0255,-0.0083
327.5148,2.3593,-0.3223,9.3155,-0.0992,-0.0065,-0.0041
327.6347,2.4968,-0.3944,9.3985,-0.0826,0.0161,0.0000
327.7545,2.2421,-0.3635,9.2473,-0.0661,0.0321,-0.0132
327.8743,1.8989,-0.3268,9.2143,-0.0768,0.0050,-0.0154
327.9942,1.4204,-0.4128,9.2682,-0.0992,-0.0420,-0.0110
328.1140,2.0590,-0.4118,9.1327,-0.1157,-0.0347,-0.0154
328.2339,2.2770,-0.4766,9.3437,-0.0744,0.0148,-0.0165
328.3537,2.1857,-0.3839,9.4772,-0.0746,0.0362,-0.0157
328.4735,2.0567,-0.3954,9.4339,-0.0704,-0.0016,-0.0142
328.5934,1.9638,-0.5037,9.2180,-0.0661,-0.0345,-0.0165
328.7132,2.0974,-0.2764,9.1089,-0.0771,-0.0274,-0.0142
328.8330,2.1521,-0.2130,9.0718,-0.0661,-0.0095,-0.0095
328.9529,2.0996,-0.3785,9.1027,-0.0694,-0.0134,-0.0047
329.0727,2.2181,-0.3348,9.0615,-0.0727,-0.0331,0.0000
329.1926,2.2807,-0.3747,8.9828,-0.0768,-0.0080,
329.3124,2.2599,-0.3337,9.2622,-0.0810,-0.0064,
329.4322,2.2645,-0.3548,9.3658,-0.0851,-0.0138,
329.5521,2.2562,-0.3881,9.1727,-0.0826,-0.0076,
329.6719,1.4884,-0.3714,9.1635,-0.0835,0.0150,0.0000
329.7917,1.7985,-0.4326,9.1893,-0.0843,-0.0004,0.0000
329.9116,1.8762,-0.3804,9.1604,-0.0851,-0.0336,0.0000
330.0314,1.6643,-0.4610,9.1513,-0.0756,-0.0347,-0.0094
330.1513,2.6640,-0.5106,9.2018,-0.0661,-0.0118,-0.0118
330.2711,2.7249,-0.4401,9.1556,-0.0812,0.0142,-0.0142
330.3909,2.7519,-0.4021,9.0829,-0.0963,-0.0077,-0.0071
330.5108,2.7722,-0.4473,9.0483,-0.0949,-0.0315,0.0000
330.6306,2.7984,-0.6908,8.9558,-0.0936,-0.0299,0.0000
330.7504,2.9411,-0.6428,8.9667,-0.0922,-0.0147,-0.0095
330.8703,3.1040,-0.5947,8.9894,-0.0993,-0.0090,-0.0189
330.9901,3.1267,-0.7364,9.1188,-0.0922,-0.0014,-0.0284
331.1099,3.0707,-0.5790,9.0347,-0.0780,0.0236,-0.0251
331.2298,3.1771,-0.4163,8.8832,-0.0638,0.0410,-0.0219
331.3496,3.1724,-0.8520,9.0530,-0.0843,0.0016,-0.0142
331.4695,3.1389,-0.8015,8.9825,-0.0965,-0.0372,-0.0148
331.5893,2.6125,-0.5567,8.8099,-0.1087,-0.0378,0.0000
331.7091,2.8596,-0.8416,8.4652,-0.1277,-0.0284,0.0071
331.8290,3.1333,-0.9965,8.5759,-0.1119,-0.0390,0.0000
331.9488,3.6454,-0.9362,9.0582,-0.0961,-0.0156,0.0071
332.0686,2.8946,-1.2153,8.6968,-0.0803,0.0383,-0.0047
332.1885,2.9914,-1.1924,8.6964,-0.0709,0.0701,-0.0051
332.3083,3.4826,-1.2815,9.0994,-0.0567,0.0226,0.0000
332.4282,1.1323,-1.4210,9.0408,-0.0585,-0.0076,0.0000
332.5480,3.8334,-1.1663,8.9515,-0.0603,-0.0378,0.0085
332.6678,3.0882,-1.0745,8.6745,-0.0585,-0.0208,0.0147
332.7877,3.7892,-1.4184,8.7519,-0.0567,-0.0073,0.0142
332.9075,3.9078,-1.3013,8.9955,-0.0293,-0.0072,
333.0273,3.9110,-0.5189,8.9393,-0.0362,-0.0071,
333.1472,3.8629,-0.9716,8.7227,-0.0536,0.0000,
333.2670,3.8347,-1.2908,8.7299,-0.0709,-0.0175,
333.3869,3.8629,-1.2533,8.9464,-0.0520,-0.0307,0.0000
333.5067,3.2855,-0.9186,8.9567,-0.0331,-0.0303,0.0000
333.6265,3.9850,-0.8720,8.7731,-0.0662,-0.0299,0.0000
333.7464,3.7601,-1.0232,8.7316,-0.0748,0.0012,0.0000
333.8662,3.2718,-0.8749,8.8573,-0.0739,0.0151,0.0000
333.9860,2.8659,-0.6335,9.0028,-0.0729,0.0041,
334.1059,2.8051,-0.7187,9.1922,-0.0719,-0.0053,
334.2257,2.5695,-0.5680,9.2985,-0.0709,-0.0041,
334.3455,2.1982,-0.3449,9.2581,-0.0826,0.0000,
334.4654,2.0626,-0.2962,9.0323,-0.0922,0.0000,
334.5852,2.0904,-0.4184,9.0150,-0.0957,-0.0106,0.0142
334.7051,2.1435,-0.6696,9.2285,-0.0992,-0.0205,0.0142
334.8249,2.1978,-0.5015,9.3553,-0.0921,-0.0066,0.0142
334.9447,2.2567,-0.2524,9.2634,-0.0851,0.0000,0.0142
335.0646,2.2323,-0.4216,9.1795,-0.0809,0.0047,0.0165
335.1844,2.1337,-0.6386,9.1370,-0.0768,0.0217,0.0000
335.3042,1.3934,-0.6271,9.2520,-0.0355,0.0362,0.0000
335.4241,1.3562,-0.3047,9.4014,-0.0465,0.0315,0.0000
335.5439,1.4881,-0.1018,9.2407,-0.0744,0.0157,0.0000
335.6638,1.1348,-0.2206,9.2650,-0.0679,0.0157,0.0000
335.7836,1.1160,-0.3388,9.4237,-0.0614,-0.0118,-0.0066
335.9034,0.8782,-0.1736,9.4438,-0.0638,-0.0307,-0.0132
336.0233,0.9778,-0.0517,9.4464,-0.0661,-0.0455,-0.0161
336.1431,1.1438,-0.1350,9.3068,-0.0826,-0.0437,-0.0161
336.2629,1.0487,-0.1054,9.2159,-0.0826,-0.0204,-0.0165
336.3828,0.9780,-0.1074,9.2885,-0.0661,-0.0062,-0.0083
336.5026,0.7607,0.0754,9.3448,-0.0744,0.0142,0.0000
336.6225,0.6409,0.0462,9.4942,-0.0744,0.0161,0.0000
336.7423,0.5736,-0.0888,9.6364,-0.0661,0.0165,-0.0165
336.8621,0.4463,-0.1102,9.3950,-0.0606,0.0165,-0.0066
336.9820,0.3788,-0.3678,9.1835,-0.0551,0.0069,0.0083
337.1018,0.5207,-0.2686,9.3058,-0.0468,-0.0165,0.0165
337.2216,0.4229,0.0854,9.4132,-0.0909,-0.0496,0.0248
337.3415,0.5620,0.0372,9.0083,-0.1157,-0.0496,0.0331
337.4613,0.6281,-0.2624,8.8030,-0.1240,-0.0468,0.0132
337.5812,0.5496,0.0041,9.4022,-0.1116,-0.0441,0.0165
337.7010,0.6295,0.0661,9.5551,-0.0992,-0.0248,0.0165
337.8208,0.5496,-0.1818,9.3355,-0.0950,-0.0066,0.0165
337.9407,0.7576,-0.1405,9.3099,-0.0909,0.0000,0.0110
338.0605,0.7934,-0.2328,9.4394,-0.0868,-0.0028,0.0055
338.1803,0.7273,-0.3355,9.3512,-0.0826,-0.0331,0.0000
338.3002,0.9105,-0.1702,8.9904,-0.0909,-0.0441,0.0083
338.4200,1.2851,-0.3471,8.8691,-0.0992,-0.0826,0.0165
338.5398,1.2975,-0.4525,9.4242,-0.0909,-0.0562,0.0000
338.6597,1.5964,-0.3843,9.5620,-0.0661,0.0314,0.0000
338.7795,1.2066,-0.3719,9.0215,-0.0744,0.0760,0.0000
338.8994,1.1322,-0.3760,9.3871,-0.0826,0.0595,0.0000
339.0192,1.3339,-0.3802,9.7893,-0.0826,0.0099,0.0000
339.1390,1.2383,-0.5165,9.2300,-0.0744,-0.0331,0.0000
339.2589,1.2645,-0.3967,9.0813,-0.0661,-0.0397,0.0000
339.3787,0.6997,-0.1694,9.1997,-0.0689,-0.0496,0.0000
339.4985,1.1474,-0.3926,9.2686,-0.0716,-0.0358,-0.0066
339.6184,1.4380,-0.3653,9.2744,-0.0727,-0.0110,-0.0050
339.7382,1.5008,-0.3430,9.2876,-0.0702,-0.0083,-0.0033
339.8581,1.6050,-0.3339,9.4413,-0.0702,-0.0364,-0.0017
339.9779,0.4185,-0.2940,9.2022,-0.0764,-0.0354,0.0000
340.0977,1.8595,-0.4303,9.0092,-0.0826,-0.0039,
340.2176,2.0541,-0.4665,9.3478,-0.0833,0.0000,
340.3374,2.1639,-0.5702,9.1786,-0.0839,-0.0138,
340.4572,2.1537,-0.6006,9.1421,-0.0845,-0.0331,
340.5771,2.1901,-0.4655,9.2025,-0.0851,-0.0083,
340.6969,2.2684,-0.3646,9.1427,-0.0716,0.0000,
340.8168,2.3004,-0.3884,9.0831,-0.0768,-0.0102,
340.9366,2.1745,-0.4957,8.9197,-0.0744,-0.0204,
341.0564,2.1511,-0.3489,9.1271,-0.0719,-0.0468,0.0000
341.1763,1.6000,-0.5818,9.3252,-0.0731,-0.0292,0.0000
341.2961,2.4406,-0.4474,9.1723,-0.0744,0.0244,0.0000
341.4159,2.3284,-0.4560,9.2561,-0.0756,0.0458,0.0000
341.5358,1.3712,-0.4823,9.3455,-0.0768,0.0000,0.0000
341.6556,1.8981,-0.4965,9.1010,-0.0809,-0.0411,0.0000
341.7755,2.4382,-0.5682,8.8557,-0.0851,-0.0437,-0.0124
341.8953,2.4061,-0.4699,8.9628,-0.0851,-0.0154,-0.0193
342.0151,2.2040,-0.3546,9.2154,-0.0851,-0.0118,-0.0262
342.1350,2.1000,-0.5403,9.2888,-0.0851,-0.0083,-0.0331
342.2548,2.2175,-0.4542,9.3789,-0.0826,-0.0106,-0.0331
342.3746,2.3150,-0.3921,9.3240,-0.0768,0.0150,-0.0154
342.4945,2.2358,-0.3626,9.3287,-0.0768,0.0157,-0.0142
342.6143,2.2238,-0.2690,9.4439,-0.0768,0.0157,-0.0154
342.7341,2.0950,-0.4120,9.1682,-0.0697,-0.0134,-0.0154
342.8540,2.1191,-0.2619,9.1072,-0.0685,-0.0328,-0.0154
342.9738,2.2752,-0.2667,9.2711,-0.0826,-0.0413,-0.0154
343.0937,2.3417,-0.3780,9.1471,-0.0826,-0.0326,-0.0154
343.2135,2.3816,-0.3654,9.1169,-0.0826,-0.0157,-0.0155
343.3333,2.5921,-0.5130,9.1955,-0.0913,-0.0145,-0.0156
343.4532,2.7312,-0.5787,8.9750,-0.1000,-0.0248,-0.0156
343.5730,2.7756,-0.3196,8.8063,-0.0957,-0.0315,-0.0157
343.6928,2.9079,-0.5982,8.8633,-0.0898,-0.0661,-0.0156
343.8127,3.0881,-0.7174,9.0333,-0.0839,-0.0394,-0.0066
343.9325,3.2919,-0.7463,8.8970,-0.0780,-0.0161,0.0000
344.0524,3.4420,-0.7891,9.0954,-0.0673,0.0313,-0.0156
344.1722,3.3545,-0.7147,9.4191,-0.0567,0.0520,-0.0066
344.2920,2.6199,-0.6404,8.7876,-0.0732,0.0313,0.0000
344.4119,2.8519,-0.7677,8.8837,-0.0993,-0.0335,0.0000
344.5317,2.5131,-0.7236,9.1317,-0.1277,-0.0705,0.0000
344.6515,3.2141,-0.9172,8.6576,-0.0921,-0.0425,0.0000
344.7714,3.8826,-0.9728,8.7114,-0.0826,0.0065,0.0000
344.8912,3.7208,-0.7353,8.8941,-0.0661,0.0165,-0.0165
345.0111,2.9468,-0.6424,8.6915,-0.0780,-0.0256,0.0000
345.1309,3.6130,-0.7173,8.8231,-0.0886,-0.0472,0.0000
345.2507,3.7447,-0.8949,9.1481,-0.0992,-0.0360,0.0000
345.3706,3.2912,-0.7210,8.9428,-0.0768,-0.0009,-0.0142
345.4904,2.1421,-0.3286,8.7187,-0.0774,0.0307,-0.0110
345.6102,1.4829,-0.2231,9.1383,-0.0780,0.0426,0.0000
345.7301,2.1646,-0.2228,9.3826,-0.0764,0.0227,0.0000
345.8499,1.6418,-0.3526,9.2312,-0.0748,-0.0230,0.0000
345.9697,1.7153,-0.3631,9.2065,-0.0732,-0.0484,0.0000
346.0896,2.2657,-0.2879,9.2257,-0.0716,-0.0372,-0.0051
346.2094,2.2781,-0.0909,8.9555,-0.0992,-0.0069,-0.0102
346.3293,2.2885,-0.5240,8.9920,-0.0854,0.0123,-0.0154
346.4491,2.3129,-0.6941,9.2124,-0.0716,0.0165,-0.0165
346.5689,3.3284,-0.7605,9.4116,-0.0744,-0.0080,-0.0138
346.6888,3.4810,-0.8760,9.9967,-0.0826,0.0628,-0.0110
346.8086,2.2548,-0.5620,9.6873,-0.0620,0.1587,-0.0138
346.9284,1.3581,-0.1708,8.3430,-0.0413,0.1129,-0.0165
347.0483,1.2493,-0.0124,7.7314,-0.0882,-0.0193,-0.0165
347.1681,1.5854,-0.0793,8.5702,-0.1488,-0.1798,-0.0165
347.2880,2.0289,-0.6446,9.2066,-0.1446,-0.3455,-0.0165
347.4078,2.8030,-0.7802,9.5262,-0.1405,-0.3085,-0.0165
347.5276,1.6515,-0.3595,9.9559,-0.0661,-0.0347,-0.0165
347.6475,2.6846,-0.2617,9.1306,-0.0386,0.1570,-0.0165
347.7673,1.7207,-0.2149,7.1256,-0.0413,0.2190,-0.0066
347.8871,1.5174,-0.3124,7.7727,-0.0496,0.1636,0.0000
348.0070,1.9187,-0.4401,10.4284,-0.0826,0.0248,
348.1268,2.3251,-0.2975,10.6667,-0.1074,-0.1377,
348.2467,2.5322,-0.0661,9.8196,-0.0854,-0.0744,
348.3665,2.3733,-0.3209,8.9766,-0.0496,0.0347,
348.4863,2.1143,-0.2413,8.5895,-0.0744,0.0661,0.0000
348.6062,1.9601,-0.4229,8.8127,-0.0738,0.0182,0.0000
348.7260,1.9620,-0.5620,9.1421,-0.0733,-0.0455,0.0000
348.8458,2.1521,-0.5145,9.2182,-0.0727,-0.0382,0.0000
348.9657,1.5262,-0.3306,9.2922,-0.0755,-0.0310,0.0000
349.0855,2.2397,-0.3269,9.1729,-0.0783,0.0028,
349.2054,2.0254,-0.4886,8.8663,-0.0811,-0.0005,
349.3252,2.0252,-0.5372,9.0704,-0.0839,-0.0081,
349.4450,2.1260,-0.5417,9.3635,-0.0661,-0.0331,
349.5649,2.1978,-0.3796,9.4804,-0.0744,-0.0323,-0.0132
349.6847,2.2486,-0.2102,9.1512,-0.0868,0.0021,-0.0165
349.8045,2.1297,-0.3906,8.9523,-0.0992,0.0350,0.0000
349.9244,1.2368,-0.5785,9.1529,-0.0847,0.0133,-0.0110
350.0442,2.1336,-0.5456,9.3491,-0.0702,-0.0136,
350.1640,2.2029,-0.3977,9.4953,-0.0732,-0.0081,
350.2839,2.0394,-0.3546,9.2785,-0.0826,-0.0069,
350.4037,1.6753,-0.3168,8.8288,-0.0826,-0.0055,
350.5236,1.5073,-0.3142,8.9372,-0.0826,-0.0161,
350.6434,1.5619,-0.3181,9.3743,-0.0826,-0.0331,0.0000
350.7632,1.5742,-0.2846,9.4821,-0.0826,-0.0321,0.0000
350.8831,1.4547,-0.2663,9.2116,-0.0826,-0.0323,0.0000
351.0029,1.3611,-0.3038,9.1033,-0.0744,-0.0121,0.0000
351.1227,1.4155,-0.2929,9.3800,-0.0702,0.0161,0.0000
351.2426,1.1684,-0.1130,9.5692,-0.0661,0.0154,0.0000
351.3624,1.3632,-0.1457,9.4926,-0.0756,0.0157,0.0000
351.4823,1.3209,-0.1720,9.3600,-0.0704,0.0154,-0.0142
351.6021,1.0379,-0.0737,9.1691,-0.0716,-0.0075,-0.0165
351.7219,1.1210,-0.2128,9.2813,-0.0826,-0.0482,-0.0161
351.8418,1.6110,-0.2941,9.6235,-0.0826,-0.0416,-0.0161
351.9616,1.6830,-0.1799,9.2690,-0.0826,-0.0248,-0.0165
352.0814,1.6873,-0.1827,8.9343,-0.0826,-0.0021,-0.0110
352.2013,1.6361,-0.2578,9.2098,-0.0826,0.0000,-0.0055
352.3211,1.5784,-0.2355,9.2877,-0.1157,-0.0248,0.0000
352.4410,1.4313,-0.3283,9.3080,-0.0992,-0.0323,-0.0055
352.5608,1.8748,-0.3276,9.4574,-0.0839,-0.0331,-0.0165
352.6806,1.8427,-0.2370,9.3290,-0.0685,-0.0083,-0.0083
352.8005,1.7803,-0.1036,9.1379,-0.0826,0.0161,0.0000
352.9203,1.7780,-0.2397,9.2446,-0.0838,-0.0041,-0.0077
353.0401,1.7927,-0.4860,9.3021,-0.0850,-0.0195,-0.0154
353.1600,1.9605,-0.4225,9.2873,-0.0898,-0.0496,-0.0165
353.2798,2.0246,-0.1819,9.1801,-0.0945,-0.0204,-0.0154
353.3997,2.0339,-0.4465,9.3385,-0.0992,0.0035,-0.0142
353.5195,2.0909,-0.4656,9.4103,-0.0862,0.0161,-0.0154
353.6393,2.0491,-0.2315,9.0208,-0.0732,-0.0077,-0.0148
353.7592,2.0449,-0.2705,9.0782,-0.0851,-0.0216,-0.0142
353.8790,2.1020,-0.3622,9.3434,-0.0898,-0.0455,-0.0161
353.9988,1.4125,-0.2253,9.1222,-0.0945,-0.0496,-0.0138
354.1187,2.2226,-0.3153,9.0197,-0.0992,-0.0227,-0.0165
354.2385,2.3074,-0.4463,9.2362,-0.0826,0.0142,-0.0142
354.3583,1.8651,-0.3884,9.2494,-0.0909,0.0185,-0.0138
354.4782,1.7360,-0.4354,9.1608,-0.0992,0.0161,0.0000
354.5980,2.0767,-0.6116,9.1277,-0.0909,-0.0139,-0.0083
354.7179,2.0893,-0.4463,9.2744,-0.0661,-0.0331,-0.0165
354.8377,1.2860,-0.2050,9.1983,-0.0992,-0.0413,-0.0165
354.9575,1.7273,-0.3182,9.0923,-0.1102,-0.0331,-0.0165
355.0774,2.2116,-0.5227,9.1240,-0.1074,-0.0207,-0.0165
355.1972,2.0854,-0.6033,8.9972,-0.0744,-0.0331,-0.0165
355.3170,2.0909,-0.5923,9.1212,-0.0785,-0.0248,-0.0110
355.4369,2.2017,-0.3388,9.5179,-0.0826,-0.0041,-0.0055
355.5567,1.5620,-0.3740,9.5468,-0.0744,0.0331,0.0000
355.6766,1.0455,-0.4091,9.3421,-0.0661,0.0496,-0.0165
355.7964,0.9653,-0.2413,9.2826,-0.0496,0.0331,-0.0165
355.9162,0.9573,-0.0434,9.3306,-0.0744,-0.0314,-0.0165
356.0361,1.1322,-0.0579,9.4744,-0.0992,-0.0364,-0.0124
356.1559,1.1887,-0.1322,9.1006,-0.0826,-0.0413,-0.0083
356.2757,1.1488,-0.1921,9.0964,-0.0661,0.0179,-0.0041
356.3956,0.6088,-0.0826,9.5884,-0.0826,0.0579,0.0000
356.5154,0.7306,0.1322,9.2548,-0.1322,0.0165,0.0083
356.6353,0.7493,-0.1504,9.1625,-0.1281,-0.0496,0.0000
356.7551,0.9372,-0.4566,9.2347,-0.1240,-0.0992,0.0000
356.8749,0.8120,-0.3140,8.9868,-0.1198,-0.0634,0.0000
356.9948,1.0430,-0.3322,9.0868,-0.0992,0.0193,0.0083
357.1146,1.0689,-0.5372,9.6047,-0.0826,0.0397,0.0000
357.2344,1.1722,-0.5769,9.7259,-0.0661,0.0017,
357.3543,1.2099,-0.4298,9.4311,-0.0702,-0.0083,
357.4741,1.2446,-0.3815,9.3127,-0.0744,-0.0083,
357.5939,1.3251,-0.6260,9.6501,-0.0826,0.0000,
357.7138,1.4347,-0.7339,9.8612,-0.0661,0.0248,0.0000
357.8336,1.3421,-0.5592,9.7273,-0.0744,0.0628,0.0165
357.9535,1.1116,-0.5840,9.4752,-0.0727,0.0496,0.0165
358.0733,1.1377,-0.6832,9.4229,-0.0826,-0.0248,0.0165
358.1931,0.7025,-0.6921,9.3967,-0.0992,-0.0661,0.0165
358.3130,1.4149,-0.8711,9.1488,-0.0744,-0.0351,0.0165
358.4328,1.3678,-0.7369,9.1625,-0.0496,0.0000,0.0165
358.5526,1.5000,-0.8017,9.3581,-0.0441,-0.0227,0.0165
358.6725,1.8926,-0.7479,9.4821,-0.0386,-0.0275,0.0165
358.7923,1.9785,-0.6632,9.3967,-0.0331,0.0182,0.0165
358.9122,1.9802,-0.7713,9.4579,-0.0496,0.0496,0.0165
359.0320,2.0284,-0.6894,9.3884,-0.0455,0.0098,0.0157
359.1518,1.5708,-0.7697,9.0604,-0.0413,-0.0017,0.0071
359.2717,2.0299,-0.4824,9.0279,-0.0445,-0.0132,0.0165
359.3915,1.7842,-0.4236,9.0457,-0.0744,-0.0248,0.0161
359.5113,1.7568,-0.6124,8.9282,-0.0744,-0.0161,0.0161
359.6312,1.9772,-0.7004,8.8164,-0.0909,-0.0359,0.0161
359.7510,1.1776,-0.5474,8.6154,-0.1074,-0.0558,0.0161
359.8709,2.0470,-0.5891,8.5624,-0.1074,-0.0758,0.0224
359.9907,2.1911,-0.6779,8.6361,-0.0806,-0.0957,0.0000
360.1105,2.2226,-0.3529,8.8389,-0.0661,-0.0063,0.0071
360.2304,2.2211,-0.2723,9.4094,-0.0748,0.0426,0.0142
360.3502,2.1166,-0.3802,9.5140,-0.0912,0.0165,0.0142
360.4700,1.9526,-0.3364,9.1434,-0.1075,0.0057,0.0071
360.5899,1.9148,-0.4141,9.0423,-0.1146,-0.0165,0.0000
360.7097,2.0418,-0.5313,9.2986,-0.0992,-0.0312,0.0000
360.8296,2.1715,-0.3570,9.2845,-0.0851,-0.0015,-0.0062
360.9494,2.1021,-0.2876,9.2790,-0.0826,0.0319,-0.0124
361.0692,2.0154,-0.4142,9.4064,-0.0826,0.0198,-0.0189
361.1891,2.1037,-0.3848,9.3896,-0.0912,-0.0222,-0.0165
361.3089,2.2024,-0.3095,9.1796,-0.0998,-0.0183,-0.0142
361.4287,2.1595,-0.4713,8.9348,-0.1078,-0.0053,-0.0095
361.5486,2.0298,-0.6282,8.8734,-0.1157,-0.0228,-0.0047
361.6684,1.6999,-0.6383,8.9877,-0.1008,-0.0551,0.0000
361.7882,1.3918,-0.7194,9.1288,-0.0858,-0.0414,0.0000
361.9081,2.3668,-0.7380,9.2670,-0.0709,0.0099,-0.0157
362.0279,1.2044,-0.5001,9.5269,-0.0709,0.0677,-0.0147
362.1478,1.4328,-0.4805,9.5503,-0.0922,0.0709,0.0000
362.2676,1.9443,-0.8393,9.2055,-0.0661,0.0002,-0.0083
362.3874,1.3414,-0.6275,8.8720,-0.0816,-0.0418,-0.0147
362.5073,1.4180,-0.6069,8.7282,-0.1135,-0.0839,0.0000
362.6271,2.2266,-0.8833,9.0627,-0.0490,-0.0709,-0.0106
362.7469,2.4256,-0.2916,9.4112,-0.0496,0.0024,0.0000
362.8668,2.4058,-0.4932,9.4869,-0.0851,0.0468,-0.0061
362.9866,1.3688,-0.5981,9.4887,-0.0826,0.0267,-0.0142
363.1065,2.2718,-0.6301,9.4345,-0.0709,-0.0137,
363.2263,2.2789,-0.6124,9.2521,-0.0729,-0.0099,
363.3461,2.2687,-0.5190,9.0986,-0.0748,-0.0061,
363.4660,2.2439,-0.5994,9.0593,-0.0638,-0.0112,
363.5858,2.2071,-0.6041,9.1117,-0.0650,-0.0142,-0.0154
363.7056,2.2965,-0.3986,9.1305,-0.0662,-0.0284,-0.0142
363.8255,2.3475,-0.3631,9.0837,-0.0650,-0.0053,
363.9453,2.2809,-0.5035,9.1915,-0.0638,-0.0035,
364.0652,2.2553,-0.4681,9.2541,-0.0922,-0.0018,
364.1850,2.2636,-0.4539,9.2187,-0.0922,0.0000,
364.3048,2.2151,-0.5621,9.1678,,-0.0083,
364.4247,2.2234,-0.4976,9.1348,,-0.0100,
364.5445,2.2270,-0.5059,9.1277,,-0.0118,
364.6643,2.1801,-0.4846,9.0402,,-0.0142,
364.7842,2.2369,-0.4539,9.1972,,-0.0106,
364.9040,2.3209,-0.5372,9.2683,-0.0709,-0.0071,
365.0239,2.4125,-0.5305,9.0780,-0.0709,-0.0035,
365.1437,2.6407,-0.5844,9.0922,-0.0709,-0.0071,
365.2635,2.8629,-0.6610,9.0981,-0.0780,-0.0090,
365.3834,2.9915,-0.6241,9.0083,-0.0804,-0.0109,
365.5032,3.0355,-0.7128,9.0000,-0.0827,-0.0128,
365.6230,3.0908,-0.7636,8.9986,-0.0851,-0.0128,
365.7429,3.1773,-0.5567,8.9631,-0.0709,-0.0071,
365.8627,3.2780,-0.0567,9.0993,-0.0709,-0.0071,
365.9825,3.3830,-0.6525,9.1678,-0.0922,-0.0035,
366.1024,3.4071,-0.7033,8.9811,-0.0993,0.0142,-0.0142
366.2222,3.3333,-0.9007,8.7991,-0.0851,0.0014,-0.0142
366.3421,3.4102,-0.8496,8.9232,-0.0851,-0.0227,0.0000
366.4619,0.5780,-0.7943,9.0674,-0.0922,-0.0378,0.0000
366.5817,2.9220,-0.8972,8.9456,-0.0993,-0.0227,0.0000
366.7016,3.4638,-0.9858,8.8539,-0.0922,0.0089,-0.0142
366.8214,2.5780,-0.9972,8.7773,-0.0898,0.0095,-0.0142
366.9412,3.4450,-0.9574,8.9433,-0.0875,-0.0128,
367.0611,3.5319,-0.7801,9.1241,-0.0851,-0.0128,
367.1809,3.5461,-0.9277,8.9574,-0.0851,-0.0128,
367.3008,3.4312,-1.0260,8.8381,-0.0946,-0.0089,
367.4206,3.4965,-0.9397,9.0319,-0.1040,-0.0044,
367.5404,3.5378,-0.6826,8.9799,-0.1135,0.0000,
367.6603,3.3676,-0.9314,8.8014,-0.1182,-0.0057,
367.7801,3.3390,-1.3759,8.9943,-0.0745,-0.0284,
367.8999,3.5206,-1.1489,9.0738,-0.0727,-0.0284,-0.0142
368.0198,3.5449,-0.7418,8.9090,-0.0709,-0.0284,-0.0057
368.1396,3.3771,-0.7252,8.8818,-0.1064,-0.0071,
368.2595,3.2470,-1.0721,8.9078,-0.1135,-0.0014,
368.3793,3.1501,-1.3007,9.0544,-0.0615,-0.0124,
368.4991,3.1915,-0.8641,9.0213,-0.0319,-0.0142,
368.6190,3.2908,-0.4823,9.0241,-0.0851,-0.0098,
368.7388,3.2766,-0.8322,9.1234,-0.0662,-0.0053,
368.8586,3.3660,-1.1135,9.0369,-0.0473,-0.0071,
368.9785,3.4468,-1.2028,8.8842,-0.0284,-0.0018,
369.0983,3.3546,-1.0383,8.8641,-0.0378,0.0142,-0.0142
369.2182,2.4894,-0.7080,8.9645,-0.0579,0.0142,-0.0142
369.3380,2.7021,-0.5993,8.9835,-0.0780,0.0000,0.0142
369.4578,3.3924,-0.8681,9.0236,-0.0887,-0.0012,0.0142
369.5777,3.2872,-1.1560,8.9716,-0.0993,-0.0071,
369.6975,3.2199,-1.1078,9.0213,-0.0851,-0.0071,
369.8173,3.2199,-0.6761,9.0454,-0.0709,-0.0106,
369.9372,3.2518,-0.5839,9.0142,-0.0709,-0.0142,
370.0570,3.2163,-0.8723,8.9480,-0.0709,-0.0142,
370.1768,3.1690,-0.9645,8.9007,-0.0709,-0.0127,
370.2967,3.2234,-0.9007,8.9681,-0.0709,-0.0112,
370.4165,3.2039,-0.5940,8.9929,-0.0709,-0.0098,
370.5364,3.1844,-0.8156,8.9929,-0.0851,-0.0083,
370.6562,3.0284,-0.9078,9.0213,-0.0851,-0.0059,
370.7760,2.8965,-0.8511,9.0479,,-0.0071,
370.8959,2.8227,-0.7730,9.0638,,-0.0085,
371.0157,2.8355,-0.7163,9.0768,,-0.0071,
371.1355,2.8326,-0.7234,9.0650,,-0.0059,
371.2554,2.7801,-0.7908,9.0674,,-0.0059,
371.3752,2.7305,-0.8085,9.0733,,-0.0059,
371.4951,2.7329,-0.7801,9.1028,,-0.0071,
371.6149,2.7191,-0.7447,9.0981,,-0.0083,
371.7347,2.6596,-0.7565,9.0762,,-0.0057,
371.8546,2.6227,-0.7589,9.1064,,-0.0071,
371.9744,2.5816,-0.7376,9.1064,,-0.0057,
372.0942,2.5319,-0.7216,9.0946,,-0.0047,
372.2141,2.4823,-0.6879,9.1028,,-0.0047,
372.3339,2.4284,-0.6832,9.1135,,-0.0059,
372.4538,2.3735,-0.6596,9.1442,,-0.0047,
372.5736,2.3248,-0.6596,9.1608,,-0.0047,
372.6934,2.2681,-0.6312,9.1501,,-0.0035,
372.8133,2.2411,-0.6099,9.1844,,-0.0043,
372.9331,2.1972,-0.6099,9.1787,,-0.0043,
373.0529,2.1560,-0.6028,9.1584,,-0.0035,
373.1728,2.1645,-0.6099,9.1915,,-0.0035,
373.2926,2.1631,-0.6170,9.1927,,-0.0083,
373.4124,2.1489,-0.6082,9.1773,,-0.0083,
373.5323,2.1560,-0.5792,9.1939,,-0.0095,
373.6521,2.1348,-0.5786,9.1897,,-0.0083,
373.7720,2.1135,-0.5780,9.1801,,-0.0057,
373.8918,2.1259,-0.5780,9.2057,,-0.0043,
374.0116,2.1234,-0.5783,9.1974,,-0.0035,
374.1315,2.1135,-0.5785,9.1801,,-0.0024,
374.2513,2.1305,-0.5787,9.1915,,-0.0083,
374.3711,2.1383,-0.5787,9.1816,,-0.0083,
374.4910,2.1277,-0.5745,9.1830,,-0.0084,
374.6108,2.1277,-0.5745,9.2116,,-0.0085,
374.7307,2.1206,-0.5762,9.2000,,-0.0085,
374.8505,2.0993,-0.5674,9.1773,,-0.0085,
374.9703,2.1135,-0.5780,9.2043,,-0.0085,
375.0902,2.0865,-0.5603,9.1844,,-0.0024,
375.2100,2.0721,-0.5504,9.1667,,-0.0083,
375.3298,2.0957,-0.5674,9.2057,,-0.0071,
375.4497,2.0934,-0.5508,9.1927,,-0.0012,
375.5695,2.0851,-0.5437,9.1939,,-0.0071,
375.6894,2.0681,-0.5433,9.2057,,-0.0078,
375.8092,2.0667,-0.5429,9.2057,,-0.0085,
375.9290,2.0709,-0.5426,9.2057,,-0.0085,
376.0489,2.0610,-0.5248,9.2000,,-0.0085,
376.1687,2.0520,-0.5390,9.2045,,-0.0024,
376.2885,2.0520,-0.5426,9.2104,,-0.0083,
376.4084,2.0532,-0.5461,9.2057,,-0.0083,
376.5282,2.0520,-0.5248,9.1986,,-0.0071,
376.6481,2.0567,-0.5496,9.2000,,-0.0071,
376.7679,2.0567,-0.5461,9.2057,,-0.0071,
376.8877,2.0426,-0.5248,9.2099,,-0.0078,
377.0076,2.0550,-0.5390,9.2199,,-0.0085,
377.1274,2.0603,-0.5390,9.2175,,-0.0024,
377.2472,2.0426,-0.5485,9.2057,,-0.0083,
377.3671,2.0426,-0.5485,9.1986,,-0.0083,
377.4869,2.0780,-0.5319,9.1986,,-0.0083,
377.6067,2.0768,-0.5426,9.2057,,0.0000,
377.7266,2.0567,-0.5475,9.1915,,-0.0085,
377.8464,2.0667,-0.5496,9.2028,,-0.0085,
377.9663,2.0660,-0.5461,9.2071,,-0.0085,
378.0861,2.0652,-0.5390,9.1915,,-0.0085,
378.2059,2.0532,-0.5390,9.1986,,-0.0024,
378.3258,2.0638,-0.5390,9.2057,,-0.0024,
378.4456,2.0709,-0.5489,9.2057,,-0.0024,
378.5654,2.0709,-0.5461,9.1868,,-0.0071,
378.6853,2.0603,-0.5461,9.1998,,-0.0078,
378.8051,2.0567,-0.5489,9.2156,,-0.0085,
378.9250,2.0667,-0.5369,9.2057,,-0.0085,
379.0448,2.0662,-0.5248,9.2000,,-0.0085,
379.1646,2.0615,-0.5390,9.1986,,-0.0083,
379.2845,2.0709,-0.5532,9.2057,,-0.0071,
379.4043,2.0709,-0.5319,9.2092,,-0.0083,
379.5241,2.0851,-0.5390,9.2128,,-0.0077,
379.6440,2.0567,-0.5485,9.2142,,-0.0071,
379.7638,2.0539,-0.5390,,,-0.0071,
379.8837,2.0730,-0.5390,,,,
380.0035,2.0922,-0.5414,,,,
380.1233,2.0922,-0.5437,,,,
380.2432,2.0709,-0.5449,9.1868,,,
380.3630,2.0709,-0.5461,9.1927,,,
380.4828,2.0851,-0.5381,9.2057,,,
380.6027,2.0851,-0.5301,9.1832,,,
380.7225,2.0650,-0.5414,9.1986,,,
380.8424,2.0610,-0.5461,9.1972,,,
380.9622,2.0709,-0.5248,9.1872,,-0.0085,
381.0820,2.0652,-0.5248,9.2047,,-0.0083,
381.2019,1.9385,-0.5213,9.2222,,-0.0071,
381.3217,1.7435,-0.4586,9.2447,,-0.0059,
381.4415,1.6513,,9.2482,,-0.0047,
381.5614,1.6397,,9.2849,,-0.0059,
381.6812,1.6596,,9.2967,,-0.0059,
381.8010,1.6525,,9.2766,,-0.0085,
381.9209,1.6454,,9.2837,,-0.0071,
382.0407,1.6395,-0.4255,9.2920,,-0.0071,
382.1606,1.5631,-0.4090,9.2794,,-0.0059,
382.2804,1.5000,-0.3806,9.2766,,-0.0059,
382.4002,1.4454,-0.3801,9.3251,,-0.0059,
382.5201,1.3759,-0.3582,9.3203,,-0.0059,
382.6399,1.3428,-0.3262,9.3121,,-0.0083,
382.7597,1.3078,-0.3457,9.3333,,-0.0071,
382.8796,1.2482,-0.3546,9.3433,,-0.0071,
382.9994,1.1504,-0.3191,9.3806,,-0.0071,
383.1193,1.0284,-0.2624,9.3986,,-0.0071,
383.2391,0.8913,-0.2340,9.4149,,-0.0012,
383.3589,0.7754,-0.2071,9.4397,,0.0000,
383.4788,0.6832,-0.1915,9.4397,-0.0709,-0.0012,
383.5986,0.6158,-0.1749,9.4137,-0.0709,0.0000,
383.7184,0.5574,-0.1099,9.4161,-0.0709,0.0000,
383.8383,0.5485,-0.0827,9.4908,-0.0709,0.0000,
383.9581,0.5160,-0.1017,9.5021,-0.0709,0.0000,0.0142
384.0780,0.3163,-0.1554,9.4838,-0.0826,0.0000,0.0146
384.1978,0.3009,-0.2092,9.4903,-0.0748,0.0000,0.0146
384.3176,0.3108,-0.2363,9.4667,-0.0567,-0.0108,0.0146
384.4375,0.5452,-0.1149,9.4928,-0.0567,-0.0122,0.0146
384.5573,0.4707,0.0640,9.3671,-0.0567,-0.0127,0.0147
384.6771,0.5358,0.0347,9.3640,-0.0638,-0.0292,0.0150
384.7970,0.5776,-0.0760,9.5212,-0.0709,-0.0252,0.0000
384.9168,0.4618,0.0414,9.4720,-0.0722,-0.0142,0.0142
385.0366,0.6401,-0.0106,9.4793,-0.0735,-0.0142,0.0071
385.1565,0.8715,-0.0969,9.4647,-0.0748,-0.0293,0.0000
385.2763,1.0364,-0.1986,9.2587,-0.0729,-0.0299,0.0000
385.3962,1.6221,-0.2418,9.2231,-0.0709,-0.0315,0.0000
385.5160,1.8027,-0.2063,9.2560,-0.0733,-0.0165,
385.6358,1.9000,-0.1973,9.1955,-0.0661,-0.0051,
385.7557,2.0331,-0.3333,9.2753,-0.0827,-0.0090,
385.8755,2.0983,-0.3109,9.1791,-0.0993,-0.0047,
385.9953,2.0792,-0.3486,9.0924,-0.0992,-0.0076,
386.1152,2.1057,-0.4563,9.2461,-0.0909,-0.0124,
386.2350,2.1638,-0.3902,9.2284,-0.0826,-0.0331,
386.3549,2.2056,-0.3009,9.1699,-0.0826,-0.0331,
386.4747,2.2205,-0.3757,9.2086,-0.1075,-0.0189,
386.5945,2.2522,-0.3501,9.0799,-0.1034,-0.0118,
386.7144,2.2379,-0.4049,9.0853,-0.0992,-0.0077,
386.8342,2.2379,-0.5289,9.1087,-0.0922,-0.0139,
386.9540,2.3482,-0.5051,9.0891,-0.0851,-0.0331,
387.0739,2.5938,-0.5311,9.2431,-0.0839,-0.0195,
387.1937,2.7505,-0.5785,9.3841,-0.0826,-0.0035,
387.3136,2.5570,-0.5130,9.1019,-0.0744,0.0154,-0.0331
387.4334,2.3579,-0.4122,8.8404,-0.0780,-0.0056,
387.5532,2.2496,-0.5079,9.0353,-0.0661,-0.0083,
387.6731,2.2313,-0.4251,9.2100,-0.0661,-0.0072,
387.7929,2.2487,-0.3437,9.3647,-0.0992,-0.0062,
387.9127,1.6694,-0.6227,9.3155,-0.0768,-0.0331,-0.0157
388.0326,2.1057,-0.5963,9.0047,-0.0567,-0.0336,-0.0154
388.1524,2.5531,-0.3719,9.0898,-0.0661,-0.0342,-0.0165
388.2723,2.5416,-0.5853,9.4242,-0.0407,0.0024,-0.0426
388.3921,2.0649,-0.0440,9.0074,-0.0567,0.0165,-0.0248
388.5119,2.1935,0.1639,8.7286,-0.1074,-0.0065,0.0161
388.6318,2.2674,-0.1625,8.8711,-0.1815,0.0154,0.0165
388.7516,1.9107,-0.5021,8.8380,-0.1653,0.0248,0.0000
388.8714,1.7322,-0.7961,8.9355,-0.1157,-0.0314,0.0000
388.9913,2.2837,-0.8909,9.6309,-0.0868,-0.1185,0.0000
389.1111,2.9669,-0.8003,10.1364,-0.0413,-0.0826,-0.0165
389.2309,2.6474,-0.2851,9.4959,0.0496,0.0496,-0.0661
389.3508,2.4298,0.0675,9.0964,-0.0165,0.0723,-0.0496
389.4706,2.2121,0.3788,8.6322,-0.1763,0.0510,0.0165
389.5905,1.2355,-0.6074,8.1763,-0.2149,0.0634,0.0116
389.7103,1.2328,-1.2521,8.5468,-0.1157,0.0537,-0.0165
389.8301,1.2942,-1.0649,9.8496,-0.0606,-0.0606,-0.0165
389.9500,2.0777,-0.8777,10.3843,-0.0165,-0.1669,-0.0331
390.0698,2.3306,-0.2190,9.5165,0.0275,-0.1653,-0.0372
390.1896,2.7259,0.3388,9.3333,-0.1405,-0.0496,0.0066
390.3095,2.5386,0.0634,9.0634,-0.1983,0.0124,0.0331
390.4293,1.9229,-1.0399,8.3416,-0.1612,0.0314,-0.0055
390.5492,1.6777,-1.4050,8.2837,-0.0331,0.0207,-0.0165
390.6690,1.8733,-0.7961,8.9614,0.0413,-0.0116,-0.0110
390.7888,2.0793,0.2025,9.5554,-0.0124,-0.0165,-0.0055
390.9087,2.0207,0.3926,9.7620,-0.0909,-0.0091,0.0000
391.0285,1.5083,-0.0275,9.8430,-0.1653,-0.0017,0.0165
391.1483,0.8402,-0.4727,9.4766,-0.1322,0.0165,0.0124
391.2682,0.8705,-0.7369,9.2452,-0.0496,0.0165,0.0083
391.3880,1.0579,-0.3595,9.3747,-0.0207,0.0227,0.0041
391.5079,1.1074,0.1091,9.4215,-0.0289,0.0289,0.0000
391.6277,0.8264,0.2713,9.3788,-0.0744,0.0579,0.0000
391.7475,0.4174,-0.0314,9.2521,-0.0785,0.0364,0.0000
391.8674,0.3409,-0.5579,9.3901,-0.0826,-0.0264,0.0000
391.9872,0.3504,-0.4132,9.6529,-0.0764,-0.0342,-0.0066
392.1070,0.8085,0.0303,9.8154,-0.0702,-0.0419,-0.0165
392.2269,1.1501,0.1116,9.4421,-0.0909,-0.0496,0.0000
392.3467,0.9983,-0.1860,8.7906,-0.1157,-0.0165,0.0165
392.4666,0.9780,-0.5289,9.0262,-0.0826,0.0165,
392.5864,1.1212,-0.2479,9.6515,-0.0785,-0.0083,
392.7062,1.1868,-0.0926,9.7314,-0.0744,-0.0083,
392.8261,1.1091,-0.0711,9.3785,-0.0826,-0.0083,
392.9459,1.0579,-0.1543,9.2215,-0.0744,-0.0055,
393.0657,1.1074,-0.2955,9.4008,-0.0661,-0.0083,
393.1856,1.1915,-0.3157,9.4421,-0.0702,-0.0165,
393.3054,1.0132,-0.0992,9.2259,-0.0744,-0.0331,-0.0165
393.4252,1.3416,-0.1504,9.2080,-0.1074,-0.0331,-0.0165
393.5451,1.1970,-0.3438,9.3361,-0.0992,-0.0331,-0.0165
393.6649,1.5868,-0.3843,9.2948,-0.0826,-0.0331,-0.0165
393.7848,1.7802,-0.3182,9.2376,-0.0826,-0.0083,-0.0165
393.9046,1.9388,-0.2789,9.2376,-0.0826,0.0165,-0.0165
394.0244,2.0298,-0.4463,9.1612,-0.0799,0.0165,-0.0165
394.1443,2.0813,-0.5950,9.2080,-0.0771,-0.0124,
394.2641,2.2107,-0.5537,9.3430,-0.0744,-0.0207,
394.3839,2.2975,-0.3843,9.2259,-0.0744,-0.0165,
394.5038,2.2463,-0.3244,9.0069,-0.0744,-0.0083,
394.6236,2.2590,-0.4559,9.0551,-0.0730,-0.0083,
394.7435,2.3388,-0.5455,9.2463,-0.0716,-0.0132,
394.8633,2.3636,-0.4876,9.1967,-0.0702,-0.0116,
394.9831,2.3678,-0.4050,9.0099,-0.0744,-0.0116,
395.1030,2.3719,-0.5096,9.0868,-0.0826,-0.0083,
395.2228,2.3306,-0.5744,9.2493,-0.0909,-0.0083,
395.3426,2.3140,-0.4938,9.1791,-0.0992,-0.0083,
395.4625,2.2190,-0.4938,8.9284,-0.0826,-0.0083,
395.5823,2.3609,-0.3868,8.9793,-0.1157,-0.0041,0.0165
395.7022,2.4242,-0.5096,9.3044,-0.1010,0.0000,0.0165
395.8220,2.3041,-0.8017,9.4463,-0.0863,0.0000,0.0124
395.9418,2.1921,-1.0062,9.1554,-0.0716,-0.0083,0.0083
396.0617,2.1653,-0.7493,8.9490,-0.0083,0.0165,0.0041
396.1815,2.1917,-0.2837,9.1667,-0.0496,0.0050,0.0000
396.3013,1.7488,-0.3595,9.3444,-0.1074,-0.0314,0.0055
396.4212,2.2355,-0.7455,9.3636,-0.1074,-0.0496,
396.5410,2.2231,-0.9322,9.2259,-0.0537,-0.0496,
396.6608,2.2252,-0.5124,9.0248,-0.0475,-0.0289,
396.7807,2.0529,-0.0868,9.1537,-0.0413,-0.0083,
396.9005,1.6116,-0.1438,9.3736,-0.0744,0.0248,0.0000
397.0204,1.4231,-0.2810,9.3273,-0.0785,0.0182,0.0000
397.1402,1.4959,-0.3361,9.2810,-0.0826,-0.0028,0.0000
397.2600,1.5537,-0.3691,9.2700,-0.0826,-0.0165,0.0000
397.3799,1.5468,-0.3223,9.3306,-0.0826,-0.0331,0.0000
397.4997,1.4793,-0.1839,9.1928,-0.0790,-0.0331,0.0000
397.6195,1.3967,-0.2769,9.1529,-0.0753,-0.0227,
397.7394,1.4264,-0.3719,9.4573,-0.0716,-0.0124,
397.8592,1.4033,-0.2050,9.4512,-0.0661,-0.0050,
397.9791,1.2624,-0.0909,9.1587,-0.0909,0.0000,
398.0989,1.2182,-0.2287,9.1763,,-0.0069,
398.2187,1.2851,-0.3499,9.5055,,-0.0145,
398.3386,1.3388,-0.2996,9.4972,,-0.0331,0.0000
398.4584,1.3008,-0.2665,9.2163,,-0.0331,0.0000
398.5782,1.3650,-0.3595,9.2906,,-0.0083,
398.6981,1.4380,-0.4855,9.5248,,-0.0017,
398.8179,1.4298,-0.3388,9.3322,,0.0165,
398.9378,1.3157,-0.0847,9.1950,-0.0661,0.0083,
399.0576,1.2713,-0.1983,9.3912,-0.0661,-0.0103,
399.1774,1.0909,-0.2011,9.2658,-0.0716,-0.0496,0.0000
399.2973,1.5317,-0.3074,9.0992,-0.0808,-0.0455,0.0000
399.4171,1.8623,-0.3182,9.2342,-0.0900,-0.0413,0.0000
399.5369,1.9807,-0.3802,9.2851,-0.0992,0.0055,0.0000
399.6568,1.9388,-0.3285,9.1873,-0.0992,0.0303,0.0000
399.7766,1.8843,-0.4132,9.4248,-0.1157,0.0331,0.0000
399.8965,1.7521,-0.4408,9.4942,-0.0909,0.0124,0.0000
400.0163,1.4595,-0.6095,8.9769,-0.0661,-0.0372,-0.0165
400.1361,1.5702,-0.4194,9.0165,-0.0682,-0.0413,-0.0165
400.2560,1.8994,-0.3884,9.3512,-0.0713,-0.0455,-0.0165
400.3758,1.9008,-0.6132,9.1419,-0.0744,-0.0215,-0.0165
400.4956,2.0358,-0.5537,9.4477,-0.0744,0.0165,-0.0165
400.6155,2.1198,-0.3802,9.8017,-0.0744,0.0397,-0.0083
400.7353,1.5091,-0.4931,9.2355,-0.0744,0.0364,0.0000
400.8551,1.8678,-0.4215,9.1074,-0.0744,-0.0083,0.0000
400.9750,1.5983,-0.4744,9.3289,-0.0764,-0.0496,0.0000
401.0948,1.3601,-0.5548,9.0902,-0.0785,-0.0709,0.0000
401.2147,1.4811,-0.5475,9.0814,-0.0806,-0.0310,0.0000
401.3345,2.2572,-0.5314,9.3269,-0.0826,0.0110,0.0000
401.4543,1.4284,-0.5665,9.2073,-0.0826,0.0346,0.0000
401.5742,1.3323,-0.4456,9.0882,-0.0909,0.0167,0.0000
401.6940,2.0005,-0.5023,9.0207,-0.0992,-0.0307,0.0000
401.8138,1.7200,-0.6864,9.1861,-0.0992,-0.0642,0.0000
401.9337,1.9129,-0.6694,9.3236,-0.0756,-0.0361,0.0000
402.0535,2.3367,-0.6364,9.1451,-0.0754,0.0218,0.0000
402.1734,1.7553,-0.6126,9.0496,-0.0751,0.0524,0.0000
402.2932,2.0573,-0.5020,9.2419,-0.0748,0.0158,0.0000
402.4130,2.1413,-0.5037,9.3687,-0.0992,-0.0378,0.0000
402.5329,1.4351,-0.6075,9.2016,-0.0780,-0.0416,-0.0099
402.6527,2.1701,-0.4248,8.9835,-0.0567,-0.0205,-0.0142
402.7725,2.2226,-0.2810,9.1080,-0.0685,0.0047,-0.0142
402.8924,2.2835,-0.4214,9.3151,-0.0756,0.0052,-0.0142
403.0122,2.3508,-0.5317,9.3328,-0.0826,-0.0118,-0.0236
403.1321,2.4135,-0.4429,9.1804,-0.0826,-0.0118,-0.0331
403.2519,2.4672,-0.5032,9.0514,-0.0826,-0.0130,-0.0331
403.3717,2.5198,-0.5352,9.0654,-0.0826,-0.0209,
403.4916,2.6021,-0.4681,9.1140,-0.0661,-0.0331,
403.6114,2.6171,-0.3811,8.9475,-0.0850,-0.0154,
403.7312,2.6303,-0.5344,9.0376,-0.0838,-0.0222,
403.8511,2.6863,-0.6722,9.1914,-0.0826,-0.0151,
403.9709,2.7504,-0.5517,9.1196,-0.0826,-0.0151,
404.0908,2.8208,-0.5930,9.1294,-0.0685,0.0047,
404.2106,2.8311,-0.5774,9.2162,-0.0697,0.0197,-0.0154
404.3304,2.7436,-0.5025,9.1296,-0.0709,0.0213,-0.0142
404.4503,2.7342,-0.5106,9.0427,-0.0768,0.0005,-0.0331
404.5701,2.6861,-0.6417,9.0240,-0.0826,-0.0203,-0.0165
404.6899,2.6895,-0.5502,8.9744,-0.0826,-0.0351,-0.0142
404.8098,2.8194,-0.4965,9.0451,-0.0909,-0.0336,-0.0148
404.9296,2.8554,-0.5214,9.0730,-0.0993,-0.0260,-0.0142
405.0494,2.7823,-0.7355,8.9569,-0.0851,-0.0146,
405.1693,2.8278,-0.6752,8.9842,-0.0756,-0.0106,
405.2891,2.7895,-0.6241,9.0491,-0.0661,-0.0112,
405.4090,2.7752,-0.5523,9.1028,-0.0709,-0.0146,
405.5288,2.8903,-0.4846,9.1261,-0.0816,-0.0097,
405.6486,2.9264,-0.6028,9.1087,-0.0922,-0.0085,
405.7685,2.9007,-0.7216,9.0435,-0.0993,-0.0085,
405.8883,2.9348,-0.8262,9.1106,-0.0851,0.0071,0.0000
406.0081,3.0454,-0.8546,9.3050,-0.0638,0.0142,-0.0142
406.1280,2.5768,-0.7128,9.2541,-0.0804,0.0184,-0.0035
406.2478,2.9693,-0.5504,8.9326,-0.0969,0.0189,-0.0018
406.3677,2.4480,-0.5922,8.8830,-0.1135,0.0142,0.0000
406.4875,2.4752,-0.7305,9.0390,-0.1170,0.0142,0.0000
406.6073,2.8709,-1.0118,9.0099,-0.1206,-0.0035,-0.0071
406.7272,2.9362,-1.2577,9.0768,-0.0638,-0.0331,-0.0142
406.8470,3.1177,-0.5887,9.0312,-0.0567,-0.0355,-0.0047
406.9668,3.2323,-0.6270,8.8667,-0.0638,-0.0284,0.0000
407.0867,3.2199,-0.6567,8.9243,-0.0709,-0.0085,0.0071
407.2065,3.1253,-0.6752,8.9291,-0.1135,-0.0095,0.0142
407.3264,2.9905,-0.9551,8.8593,-0.1064,-0.0083,0.0142
407.4462,2.8322,-1.0426,8.9173,-0.0307,-0.0156,
407.5660,2.7199,-0.6738,9.0969,-0.0248,-0.0284,
407.6859,2.5461,-0.4468,9.0969,-0.0567,-0.0071,
407.8057,2.4415,-0.6117,9.1362,-0.0567,-0.0142,
407.9255,2.7177,-0.4482,9.2738,-0.0567,-0.0284,0.0000
408.0454,2.2931,-0.2021,9.1135,-0.0922,-0.0057,0.0142
408.1652,2.5567,-0.5331,9.0272,-0.0957,-0.0059,-0.0284
408.2850,2.6217,-0.5745,9.0827,-0.0993,-0.0128,-0.0284
408.4049,2.6809,-1.0142,9.1194,-0.1229,-0.0397,-0.0170
408.5247,2.2648,-0.8215,9.0567,-0.1099,-0.0340,-0.0057
408.6446,2.9043,-0.3954,9.1123,-0.0709,-0.0142,-0.0085
408.7644,2.8440,-0.5201,9.0681,-0.0709,-0.0028,-0.0113
408.8842,1.9333,-0.8582,8.9291,-0.0709,0.0142,-0.0142
409.0041,2.2411,-0.4312,9.1603,-0.0284,0.0142,-0.0142
409.1239,2.2979,-0.0851,9.4031,-0.0757,0.0000,0.0142
409.2437,2.2459,-0.1986,9.3073,-0.0875,-0.0059,0.0142
409.3636,2.1135,-0.4090,9.0638,-0.0993,-0.0095,-0.0284
409.4834,1.3913,-0.5177,9.1076,-0.0780,0.0000,-0.0284
409.6033,2.2175,-0.1324,9.1787,-0.0745,-0.0113,-0.0378
409.7231,2.1076,0.2187,9.2553,-0.0709,-0.0085,-0.0898
409.8429,1.2582,0.5018,9.3433,-0.0816,0.0071,-0.1248
409.9628,1.1248,0.5957,9.4383,-0.0922,0.0142,-0.1560
410.0826,0.7707,0.6525,9.5449,-0.1017,0.0142,-0.1809
410.2024,0.9764,0.7329,9.5366,-0.1111,0.0000,-0.2057
410.3223,0.8688,0.8227,9.3392,-0.1206,0.0000,-0.2388
410.4421,0.6501,0.9362,9.1478,-0.1206,0.0000,-0.2624
410.5620,0.8180,0.6608,9.1418,-0.1206,-0.0113,-0.2908
410.6818,1.1371,0.6052,9.3560,-0.0922,-0.0284,-0.3121
410.8016,1.0652,0.8823,9.4270,-0.0567,-0.0390,-0.3227
410.9215,1.7778,1.4213,9.4468,-0.0946,-0.0369,-0.3343
411.0413,2.1797,1.7849,9.5532,-0.1915,-0.0113,-0.3459
411.1611,1.6076,1.1998,9.3913,-0.2128,0.0057,-0.3574
411.2810,1.5106,0.7364,9.0993,-0.1489,0.0284,-0.3915
411.4008,1.1844,1.1655,9.0496,-0.0851,0.0319,-0.4113
411.5207,1.6348,1.5550,9.2246,-0.0709,0.0071,-0.4284
411.6405,1.9872,2.0331,9.4634,-0.1028,-0.0227,-0.4397
411.7603,0.2411,1.9243,9.5021,-0.1702,-0.0284,-0.4184
411.8802,1.6142,1.6631,9.1816,-0.1678,-0.0028,-0.4184
412.0000,1.8809,1.4770,9.2057,-0.1655,0.0085,-0.4468
412.1198,1.7660,1.6454,9.3014,-0.1430,-0.0165,-0.4486
412.2397,1.8546,1.9574,9.1407,-0.1206,-0.0284,-0.4504
412.3595,1.9560,2.1466,9.2222,-0.1489,-0.0113,-0.4521
412.4793,1.9054,2.0106,9.3617,-0.1513,0.0000,-0.4539
412.5992,1.0780,1.8652,9.3418,-0.1537,0.0000,-0.4433
412.7190,0.9728,1.8199,9.1442,-0.1560,0.0000,-0.4255
412.8389,1.6567,1.7745,9.0936,-0.1466,-0.0113,-0.4113
412.9587,1.1645,1.6496,9.2085,-0.1206,-0.0284,-0.4007
413.0785,1.5915,1.5248,9.4511,-0.1206,-0.0284,-0.3716
413.1984,1.2809,1.4917,9.5206,-0.1206,-0.0213,-0.3333
413.3182,1.5489,1.3422,9.2766,-0.1206,-0.0035,-0.3121
413.4380,1.0000,1.2340,9.0652,-0.1206,0.0142,-0.2801
413.5579,1.5418,1.1248,9.3064,-0.1206,0.0142,-0.2459
413.6777,1.7571,0.8936,9.5333,-0.1135,-0.0089,-0.2199
413.7976,2.0266,0.6809,9.4025,-0.1135,-0.0284,-0.1939
413.9174,2.0230,0.5768,9.1206,-0.1135,-0.0189,-0.1560
414.0372,1.7996,0.4728,9.0195,-0.1135,-0.0095,-0.1277
414.1571,1.1418,0.1933,9.2748,-0.1135,0.0000,-0.0993
414.2769,1.8227,-0.0550,9.5603,-0.0851,0.0000,
414.3967,1.7801,0.0745,9.3936,-0.0709,0.0000,
414.5166,1.7908,0.3050,9.2482,-0.0757,0.0142,
414.6364,1.6933,0.1454,9.2530,-0.0804,0.0142,
414.7563,1.6265,0.0851,9.4379,-0.0851,-0.0071,-0.0426
414.8761,1.6525,-0.0449,9.4043,-0.0780,-0.0142,-0.0355
414.9959,0.5343,-0.0603,9.2553,-0.0709,-0.0047,-0.0284
415.1158,1.1631,0.1300,9.1797,,0.0000,-0.0284
415.2356,1.6596,-0.0851,9.3783,,0.0000,-0.0284
415.3554,1.6596,-0.1797,9.3546,,-0.0118,
415.4753,1.7447,0.0000,9.1584,,-0.0142,
415.5951,1.8889,-0.0213,9.3546,-0.0851,-0.0142,
415.7150,1.8475,-0.1277,9.2861,-0.0804,-0.0142,
415.8348,1.7021,-0.2340,9.1844,-0.0757,-0.0071,
415.9546,1.6454,-0.0851,9.2766,-0.0709,-0.0071,
416.0745,1.5319,-0.0816,9.2766,-0.0851,-0.0089,
416.1943,1.5496,-0.0780,9.0922,-0.0816,-0.0106,
416.3141,1.5745,-0.0745,9.2447,-0.0780,-0.0142,
416.4340,1.5603,-0.1206,9.3440,-0.0745,-0.0071,
416.5538,1.6170,-0.2766,9.3617,-0.0709,-0.0071,
416.6736,1.5674,-0.0035,9.1667,,-0.0095,
416.7935,1.5461,-0.0142,9.3404,,-0.0118,
416.9133,1.4468,-0.2695,9.4752,,-0.0142,
417.0332,1.4397,-0.1206,9.2695,,-0.0142,
417.1530,1.4326,0.1135,9.2340,,-0.0071,
417.2728,1.4610,-0.0922,9.2766,,-0.0071,
417.3927,1.5248,0.1348,9.3050,,-0.0095,
417.5125,1.4184,0.0177,9.2199,,-0.0118,
417.6323,1.4184,-0.0993,9.4965,-0.0851,-0.0142,
417.7522,1.4184,-0.0638,9.0638,-0.0851,-0.0142,
